Engine speed,KMR_20_2020_10_20_Robert_Stanciu_5000_Part_1_WAVE_Solver.sum,Intake_rpm
rpm,N*m,
15000.00977,31.32031059,5000
14500,34.12139893,5000
14000,35.72769165,5000
13500,37.14791107,5000
13000,37.62337112,5000
12500,39.10416031,5000
12000,41.45748138,5000
11499.99023,41.80395889,5000
11000.00977,40.99069977,5000
10500,40.12604904,5000
10000,39.44007874,5000
9499.999023,37.1614418,5000
9000.000977,38.46292114,5000
8500.009766,50.49322128,5000
8000.000977,55.44340897,5000
7500.000977,57.37807846,5000
7000,54.7251091,5000
6500,53.90084076,5000
5999.995117,57.4874115,5000
5500.005859,61.3651886,5000
5000.004883,49.85559082,5000
4500.00293,41.06771088,5000
3999.998047,37.57258987,5000
3500.00293,36.13430023,5000
2999.999023,45.53778839,5000
2500.001953,44.5286293,5000
2000.004028,26.6765995,5000
1500.004028,32.23630905,5000
999.9970703,29.42536926,5000
15000,30.77878952,5000
14500.03027,33.54314041,5000
13999.99023,35.36859894,5000
13500,37.20946121,5000
13000,38.15676117,5000
12500,39.68091965,5000
12000,41.46950912,5000
11500,41.64810181,5000
11000,39.69406891,5000
10500.00977,40.0195694,5000
10000,41.0014801,5000
9500.000977,42.35456085,5000
8999.995117,44.21036911,5000
8500,54.51818085,5000
7999.992188,58.43748856,5000
7499.999023,53.09918976,5000
6999.998047,49.56750107,5000
6500.003906,49.12955856,5000
6000,53.09228897,5000
5499.998047,56.74259949,5000
4999.995117,35.8141098,5000
4500.001953,45.67406082,5000
4000.004883,50.59706116,5000
3500.000977,41.22906876,5000
3000,39.50189972,5000
2500.001953,41.3343811,5000
2000,28.06382942,5000
1500.001953,36.68709946,5000
1000.005981,29.58329964,5000
14999.98047,30.86096954,5000
14500,33.19218063,5000
14000,34.87348938,5000
13500.00977,36.20357895,5000
13000,37.04172134,5000
12500.00977,39.32307053,5000
12000.00977,41.5100708,5000
11500.00977,41.0865097,5000
11000,40.25485992,5000
10499.99023,40.65143967,5000
10000,41.59658813,5000
9500.004883,42.71860886,5000
9000.00293,44.64551926,5000
8499.992188,54.20293045,5000
8000.00293,56.43151855,5000
7499.996094,54.98125839,5000
6999.994141,54.45264816,5000
6499.994141,53.09429932,5000
6000.001953,46.75553894,5000
5500.007813,52.39825821,5000
5000.004883,39.09909058,5000
4500.001953,36.83464813,5000
4000.000977,35.00366974,5000
3500,51.69561005,5000
3000.001953,43.0156517,5000
2499.99707,35.15990067,5000
1999.999023,33.05261993,5000
1500.001953,31.01383018,5000
1000.005005,30.38059998,5000
14999.99023,29.9877491,5000
14499.99023,32.51449966,5000
14000.01953,34.12057877,5000
13499.98047,35.13885117,5000
13000,34.71345139,5000
12499.98047,35.48250961,5000
12000.00977,37.29859161,5000
11500.00977,36.96387863,5000
10999.99023,36.00049973,5000
10500,38.73582077,5000
9999.999023,39.75051117,5000
9500.000977,42.0775795,5000
9000.003906,44.92084122,5000
8500.00293,54.92256927,5000
8000,54.93889999,5000
7500.000977,53.76287079,5000
6999.999023,54.05049896,5000
6500.001953,55.06763077,5000
5999.99707,56.67140961,5000
5500.01123,58.48598099,5000
4999.99707,35.63665009,5000
4499.99707,39.33218002,5000
3999.998047,45.04623032,5000
3499.999023,40.34711075,5000
3000.001953,44.00411987,5000
2499.99707,33.35316086,5000
2000.000977,28.87828064,5000
1500.000977,31.07863998,5000
999.9951172,30.07908058,5000
14999.99023,30.04223061,5000
14500,32.46258926,5000
14000,34.04874039,5000
13500,35.49378967,5000
13000,36.66529846,5000
12499.99023,39.56071854,5000
12000.00977,42.24185944,5000
11500,42.70681,5000
10999.99023,40.94792175,5000
10500.00977,41.33892822,5000
10000,41.92287064,5000
9499.994141,43.26758957,5000
9000.001953,45.25907135,5000
8499.999023,51.56552124,5000
7999.98877,51.56724167,5000
7500.004883,47.23913956,5000
7000,48.77186966,5000
6499.996094,53.79244995,5000
5999.998047,59.07529068,5000
5500.004883,61.50566101,5000
5000.004883,48.73041916,5000
4500.004883,37.56969833,5000
3999.998047,33.31200027,5000
3500.00708,48.12886047,5000
2999.998047,38.35522079,5000
2500.003906,32.20483017,5000
1999.998047,30.73757935,5000
1500.001953,31.50717926,5000
999.9942017,31.93736076,5000
15000,30.77878952,5000
14500,32.62026978,5000
14000,34.48270035,5000
13499.99023,36.09291077,5000
13000,36.82093048,5000
12500.00977,39.94190979,5000
11999.99023,42.54634094,5000
11499.99023,42.9468689,5000
11000,41.73696899,5000
10500,41.46263885,5000
10000.00977,42.77653122,5000
9500.00293,43.67982101,5000
9000,45.01699066,5000
8499.993164,49.63679123,5000
8000.012207,49.99488831,5000
7500.01416,45.5064888,5000
7000,46.39664841,5000
6500.001953,48.36783981,5000
6000.001953,54.76683044,5000
5499.990234,60.33906174,5000
4999.99707,52.25304031,5000
4499.99707,45.77104187,5000
3999.996094,40.86383057,5000
3499.999023,42.64628983,5000
2999.999023,36.88584137,5000
2499.998047,35.64896011,5000
2000.005005,34.20597076,5000
1499.994995,31.54314995,5000
999.9998169,33.07727051,5000
14999.99023,26.77668953,5000
14500,30.00338936,5000
13999.99023,32.44562149,5000
13499.99023,34.31241989,5000
12999.99023,34.95981979,5000
12500.00977,37.70652008,5000
12000,40.54996109,5000
11500,41.48308182,5000
11000,41.79969025,5000
10500,41.93827057,5000
10000,42.98574829,5000
9500.004883,43.87932968,5000
8999.998047,45.18833923,5000
8499.995117,53.98455048,5000
8000.001953,54.89780045,5000
7500.00293,50.96306992,5000
6999.991211,49.58179855,5000
6499.999023,49.90122986,5000
5999.996094,49.98984909,5000
5500,59.33190155,5000
4999.995117,46.12960052,5000
4500.00293,44.09457016,5000
3999.996094,39.97227097,5000
3500,45.51847839,5000
3000,33.01152039,5000
2500.001953,34.1205101,5000
1999.999023,30.85482979,5000
1499.999023,33.44681931,5000
1000.013,33.00088882,5000
15000.00977,29.49996948,5000
14499.99023,32.48688889,5000
13999.99023,34.38611984,5000
13500,35.9859314,5000
12999.99023,36.53047943,5000
12500.00977,38.85583115,5000
12000.00977,41.98791122,5000
11500,43.06409073,5000
10999.99023,42.55062103,5000
10500,42.49782944,5000
9999.995117,43.04006958,5000
9500.008789,43.12841034,5000
8999.995117,44.18292999,5000
8499.99707,51.06919098,5000
7999.998047,53.18220139,5000
7500.007813,53.62157059,5000
6999.99707,53.03017044,5000
6500.003906,54.94992828,5000
5999.992188,56.48680115,5000
5500.007813,56.05725098,5000
5000.000977,36.43795013,5000
4499.998047,45.69876862,5000
3999.999023,48.344841,5000
3500.004883,39.08959961,5000
3000,33.75806046,5000
2499.998047,35.6053009,5000
2000.001953,30.57695007,5000
1500.005981,35.02542114,5000
1000.004028,33.57138062,5000
14999.99023,29.27528,5000
14500.00977,32.70487976,5000
14000.00977,34.98059082,5000
13500.00977,37.19200134,5000
13000,38.81872177,5000
12499.99023,40.94729996,5000
12000.00977,43.32973099,5000
11499.99023,43.88333893,5000
11000,42.92079163,5000
10500,42.31961823,5000
10000.00977,41.76826096,5000
9500,42.3404808,5000
8999.995117,43.80519867,5000
8499.993164,48.68381882,5000
8000,50.04938126,5000
7500.001953,47.3445816,5000
6999.998047,51.39337921,5000
6500.001953,55.74279022,5000
5999.995117,59.64028931,5000
5500.004883,61.38874054,5000
4999.993164,42.28342056,5000
4500.005859,36.48950958,5000
3999.999023,45.96350098,5000
3499.990967,37.57820892,5000
3000,33.47903824,5000
2500.003906,37.62247849,5000
1999.994995,29.62207985,5000
1499.998047,35.11186981,5000
1000.005981,34.11619186,5000
15000,31.30970001,5000
14500,34.12268066,5000
14000.00977,35.71987915,5000
13500,37.14188004,5000
13000,37.62218857,5000
12500,39.11534882,5000
12000,41.44675827,5000
11500,41.80794907,5000
11000,40.99077988,5000
10500.00977,40.14020157,5000
10000.00977,39.54019165,5000
9500.000977,37.22174072,5000
8999.993164,38.48900986,5000
8500.00293,50.52754974,5000
8000.003906,55.47893906,5000
7499.993164,57.50025177,5000
6999.990234,54.78871918,5000
6499.998047,53.96886063,5000
5999.998047,57.54111862,5000
5500.004883,61.38222885,5000
5000.00293,49.86529922,5000
4499.999023,41.09563828,5000
4000.00293,37.69525909,5000
3500.000977,36.33493042,5000
2999.993896,45.68146133,5000
2499.999023,44.39616013,5000
2000.003052,26.54697037,5000
1500.005981,32.35707092,5000
999.996521,29.31901932,5000
15000,30.78276062,5000
14500,33.54998016,5000
14000.00977,35.36577988,5000
13499.99023,37.19760895,5000
13000,38.1496315,5000
12500,39.6787796,5000
11999.99023,41.45278931,5000
11499.98047,41.65893173,5000
11000,39.7492218,5000
10499.99023,40.04867935,5000
10000.00977,41.03353882,5000
9500.000977,42.37033081,5000
9000,44.22312164,5000
8499.999023,54.49967957,5000
7999.99707,58.44342041,5000
7500,53.15570831,5000
7000.001953,49.65962982,5000
6499.996094,49.16764069,5000
6000.003906,53.12469864,5000
5500,56.7427597,5000
5000.001953,35.82894897,5000
4500.00293,45.78303909,5000
3999.998047,50.68227005,5000
3499.996094,41.49707031,5000
2999.998047,39.56507111,5000
2500.001953,41.30812073,5000
1999.998047,27.97874069,5000
1500.000977,36.8331604,5000
1000,29.46875954,5000
15000,30.86128044,5000
14500,33.19517136,5000
14000.01953,34.8777504,5000
13500,36.20269012,5000
13000,37.0450592,5000
12499.99023,39.32807922,5000
11999.99023,41.53252029,5000
11500,41.12144089,5000
11000,40.43000031,5000
10500,40.70996857,5000
9999.985352,41.53689957,5000
9500.000977,42.75064087,5000
8999.995117,44.65695953,5000
8499.985352,54.21113968,5000
7999.981934,56.50598907,5000
7500.00293,55.02148819,5000
6999.995117,54.46718979,5000
6500.006836,53.12791824,5000
6000.005859,46.86265945,5000
5500.005859,52.42396164,5000
4999.998047,39.25999832,5000
4500.001953,36.8296814,5000
4000.006104,35.0174408,5000
3500.00293,51.83029938,5000
2999.995117,43.04830933,5000
2500.003906,35.02175903,5000
2000,32.78577042,5000
1499.998047,31.26758003,5000
999.9979858,30.37911987,5000
15000.00977,30.02272034,5000
14500,32.53001022,5000
14000,34.12398911,5000
13499.99023,35.15505981,5000
13000,34.73088837,5000
12500.01953,35.5160408,5000
12000,37.31447983,5000
11500.00977,37.01274109,5000
11000,36.02809906,5000
10500,38.75408936,5000
10000.00977,39.83147049,5000
9500.011719,42.08819962,5000
8999.999023,44.95838165,5000
8499.99707,54.96496964,5000
7999.990234,54.98860931,5000
7499.99707,53.81568909,5000
7000.012207,54.0814209,5000
6499.999023,55.14657974,5000
6000.007813,56.7091713,5000
5499.999023,58.48917007,5000
4999.99707,35.66220856,5000
4500.001953,39.43688965,5000
3999.999023,45.24008942,5000
3500.000977,40.67570877,5000
3000.00293,43.96315002,5000
2500.004883,33.18748856,5000
2000,28.74574089,5000
1500,31.42432022,5000
1000.007019,30.01925087,5000
15000,30.05945969,5000
14499.99023,32.46352005,5000
14000,34.05020905,5000
13500,35.46886826,5000
13000,36.66350937,5000
12500.00977,39.56362915,5000
12000.00977,42.25733948,5000
11500,42.76160049,5000
11000,40.97301865,5000
10500.00977,41.37010956,5000
10000,41.92065048,5000
9500.000977,43.26861954,5000
9000.00293,45.29405975,5000
8500.010742,51.71829987,5000
8000.004883,51.61576843,5000
7499.996094,47.28807068,5000
6999.998047,48.82184982,5000
6499.996094,53.83872986,5000
5999.999023,59.11944962,5000
5500.007813,61.4899292,5000
4999.998047,48.74826813,5000
4499.994141,37.60239029,5000
3999.996094,33.37498856,5000
3500,48.37931061,5000
3000,38.34072113,5000
2500,32.03453064,5000
2000.000977,30.53042984,5000
1500.003052,32.02782822,5000
1000,31.86009979,5000
15000,30.78276062,5000
14500,32.62009811,5000
14000.00977,34.48728943,5000
13500,36.09371185,5000
13000,36.82476044,5000
12500,39.9654808,5000
12000,42.56380081,5000
11500,42.9469986,5000
11000,41.79397964,5000
10499.99023,41.46390915,5000
10000.00977,42.77882004,5000
9499.99707,43.69441986,5000
8999.986328,45.03839874,5000
8499.995117,49.72103882,5000
7999.98877,50.07839966,5000
7499.993164,45.53490067,5000
6999.990234,46.41862106,5000
6499.994141,48.40734863,5000
6000.001953,54.81259918,5000
5500.00293,60.39099121,5000
5000.006836,52.23331833,5000
4499.995117,45.78681946,5000
4000.003906,41.13648987,5000
3500,42.8832016,5000
3000,36.90641022,5000
2500.000977,35.54227066,5000
1999.995972,34.06013107,5000
1499.995972,32.00577927,5000
1000.000977,33.01800919,5000
15000,26.78130913,5000
14499.98047,30.01841927,5000
14000,32.4565506,5000
13499.99023,34.31420898,5000
13000.00977,34.98754883,5000
12500,37.74895096,5000
12000.00977,40.4372406,5000
11500,41.5922699,5000
11000,41.76517105,5000
10500,41.94363022,5000
9999.994141,42.94149017,5000
9500.00293,43.85702896,5000
9000.003906,45.13320923,5000
8499.995117,54.01025009,5000
8000,54.89733124,5000
7500.003906,50.99536896,5000
7000,49.63668823,5000
6499.999023,49.94855118,5000
6000.000977,50.03757095,5000
5500.006836,59.35626984,5000
4999.998047,46.16566086,5000
4499.99707,44.17805099,5000
4000.010986,40.19525909,5000
3499.993896,45.66838837,5000
3000.001953,32.90769958,5000
2499.999023,33.87958145,5000
2000,30.81884003,5000
1500,33.99201965,5000
1000.000977,33.02231979,5000
14999.99023,29.51240921,5000
14500,32.4890213,5000
14000,34.39574051,5000
13499.98047,35.99134827,5000
13000,36.54706955,5000
12500,38.87044144,5000
11999.99023,41.94760132,5000
11500,43.06932831,5000
11000.00977,42.54076004,5000
10500,42.50197983,5000
10000.01953,43.15446091,5000
9499.994141,43.1470108,5000
8999.995117,44.23768997,5000
8499.999023,51.14273071,5000
7999.995117,53.26539993,5000
7500.000977,53.74996948,5000
7000.000977,53.07136154,5000
6500,54.97229004,5000
5999.998047,56.52672958,5000
5499.999023,56.35412979,5000
4999.996094,36.50704956,5000
4499.999023,45.8105011,5000
3999.993896,48.49477005,5000
3500.001953,39.3141098,5000
2999.995117,33.6212883,5000
2499.999023,35.37786865,5000
2000.000977,30.62042046,5000
1499.998047,35.54388046,5000
999.9995117,33.63850021,5000
15000.00977,29.2844696,5000
14500,32.71490097,5000
14000,35.03985977,5000
13500,37.39204025,5000
12999.99023,38.88983154,5000
12500.00977,41.01200104,5000
12000.03027,43.23740005,5000
11500,43.78961182,5000
11000.00977,42.92638016,5000
10500,42.31515884,5000
10000,41.80503082,5000
9499.990234,42.38827896,5000
8999.995117,43.77194977,5000
8499.99707,48.70933914,5000
8000.000977,50.03818893,5000
7500.005859,47.39562988,5000
6999.990234,51.47552109,5000
6499.996094,55.80876923,5000
6000,59.66230011,5000
5499.996094,61.49716949,5000
4999.998047,42.29998016,5000
4499.996094,36.58805847,5000
3999.998047,46.18724823,5000
3499.99707,37.8427887,5000
2999.998047,33.38095093,5000
2500.004883,37.38953018,5000
2000,29.61775017,5000
1500,35.52915955,5000
999.991394,34.22961044,5000
15000,32.72628021,6000
14499.99023,34.55599976,6000
13999.99023,35.61719894,6000
13500.00977,36.2965889,6000
13000,35.54705811,6000
12500,35.56121063,6000
12000,36.24806976,6000
11500,37.07201004,6000
11000,38.15053177,6000
10500,41.72264862,6000
9999.99707,45.07138062,6000
9499.989258,45.93186188,6000
8999.995117,43.97879028,6000
8499.999023,48.8302803,6000
8000.003906,53.39886093,6000
7499.996094,56.38829041,6000
7000.003906,62.82390976,6000
6499.99707,60.31287003,6000
6000,48.23522949,6000
5500.000977,50.89702988,6000
4999.993164,47.71902847,6000
4500.00293,40.92502975,6000
4000,38.36222839,6000
3499.993896,44.47256088,6000
3000.004883,45.34648895,6000
2499.998047,39.88750076,6000
2000,29.60881996,6000
1500.004028,30.96763992,6000
1000.002014,31.16320992,6000
15000,30.34892082,6000
14500,32.52529907,6000
14000,34.9009819,6000
13499.99023,36.94556046,6000
12999.99023,38.60140991,6000
12499.99023,40.20050812,6000
12000.00977,41.41096878,6000
11500,43.25070953,6000
11000,45.38578033,6000
10500,49.65467072,6000
10000.00977,50.9405899,6000
9499.999023,52.93095016,6000
8999.99707,53.45584869,6000
8499.991211,53.36040115,6000
8000.008789,52.78913879,6000
7499.994141,50.11906815,6000
7000.005859,45.64538956,6000
6500,43.55810928,6000
6000.001953,40.43360901,6000
5500.00293,38.8705101,6000
4999.998047,40.75701141,6000
4500.001953,49.1735611,6000
3999.996094,50.26432037,6000
3500.001953,44.89274979,6000
2999.998047,37.79735947,6000
2499.999023,41.61235809,6000
2000,30.52494049,6000
1500,35.19552994,6000
1000.000977,31.46763992,6000
15000.00977,30.46908951,6000
14499.99023,32.2538414,6000
14000,34.47090912,6000
13500,36.1237793,6000
13000.00977,37.69321823,6000
12500.00977,39.67174911,6000
12000,41.53834915,6000
11499.99023,43.19733047,6000
11000.00977,45.32196045,6000
10500,49.90486908,6000
10000.00977,51.53097153,6000
9499.999023,52.98839188,6000
8999.996094,53.97830963,6000
8500.005859,53.88993073,6000
7999.998047,51.88668823,6000
7500.008789,51.59883118,6000
7000.003906,52.1805191,6000
6500.000977,49.50292969,6000
6000.003906,38.33665085,6000
5500.005859,33.52064133,6000
4999.996094,44.00812912,6000
4500,42.07704163,6000
4000.001953,38.50918961,6000
3499.998047,51.11161041,6000
3000.003906,45.22888947,6000
2499.999023,32.89234924,6000
2000.004028,26.18001938,6000
1499.998047,30.37178993,6000
1000.002991,31.64057922,6000
15000.00977,29.50071907,6000
14499.99023,31.62767982,6000
14000,33.61874008,6000
13500,34.94583893,6000
13000.00977,35.61510849,6000
12500,36.30477905,6000
12000,37.61940002,6000
11500,40.5189209,6000
10999.99023,43.51538086,6000
10500,48.92660904,6000
9999.991211,49.52331924,6000
9500.005859,53.83982086,6000
9000,54.80261993,6000
8499.994141,54.63351822,6000
7999.99707,51.05475998,6000
7499.99707,49.74250031,6000
7000.005859,51.84505081,6000
6499.995117,52.54544067,6000
5999.99707,45.84703064,6000
5500.00293,38.08182907,6000
5000.001953,37.75786972,6000
4499.995117,46.27552032,6000
4000.00293,47.18495941,6000
3500.00708,43.7637291,6000
3000,42.98233032,6000
2499.999023,31.24533081,6000
1999.998047,27.23365021,6000
1499.999023,29.99641991,6000
999.9968262,30.43685913,6000
15000.01953,29.74556923,6000
14500,31.60984993,6000
14000,33.58063889,6000
13500,35.34796906,6000
12999.99023,37.42628098,6000
12500,39.71776962,6000
12000,42.14622116,6000
11499.99023,44.24303055,6000
11000,45.98233032,6000
10500,50.24108887,6000
10000,51.67855835,6000
9500.000977,54.40781021,6000
9000,54.99517822,6000
8500.001953,52.08211899,6000
8000.012207,45.93434143,6000
7500,43.17835999,6000
6999.99707,43.5348587,6000
6499.991211,47.32727051,6000
6000.003906,50.87174988,6000
5500.00293,51.55746841,6000
4999.999023,45.10784149,6000
4499.999023,42.3599205,6000
4000.001953,36.14836121,6000
3499.99707,49.41233826,6000
3000.000977,43.61764908,6000
2499.998047,27.63656044,6000
2000.003052,32.63085175,6000
1499.998047,29.77783966,6000
1000.000977,32.82812119,6000
15000,30.34892082,6000
14500.00977,31.71611023,6000
14000.00977,34.02647018,6000
13500,35.93053818,6000
13000.00977,37.61452103,6000
12500,40.283741,6000
12000.00977,42.5047493,6000
11500.00977,44.27391052,6000
11000,45.82777023,6000
10500.00977,49.69041061,6000
9999.995117,52.1827507,6000
9499.996094,53.73751068,6000
9000.009766,54.45478058,6000
8500.007813,49.68069077,6000
7999.99707,43.61623001,6000
7500.009766,41.57305908,6000
6999.993164,41.57044983,6000
6499.995117,41.88750839,6000
5999.998047,41.4367485,6000
5499.998047,48.24393082,6000
5000.001953,50.46046066,6000
4500,48.00976944,6000
3999.99707,47.40670013,6000
3499.998047,44.05858994,6000
3000,37.92404938,6000
2499.999023,35.02988052,6000
2000.000977,30.60910034,6000
1500.001953,32.39710999,6000
999.9995117,33.64720154,6000
15000,26.86360931,6000
14500,29.41976929,6000
14000,32.08116913,6000
13500,34.16495895,6000
13000,35.88492966,6000
12500.00977,38.20116043,6000
12000.00977,40.61074829,6000
11500,43.69866943,6000
10999.98047,46.48559952,6000
10500.00977,50.98088074,6000
10000,52.98907089,6000
9499.992188,54.75938034,6000
9000.004883,55.15367889,6000
8500.012695,53.76004028,6000
7999.992188,51.63069153,6000
7499.993164,48.42045975,6000
7000,45.94998932,6000
6499.983887,44.49134064,6000
5999.996094,36.97549057,6000
5500.003906,43.12841034,6000
5000.003906,46.94226837,6000
4500.000977,46.80609894,6000
4000.001953,44.6698494,6000
3500.000977,47.29000092,6000
2999.998047,37.57746887,6000
2500,29.15930939,6000
1999.996948,30.79924965,6000
1499.998047,33.33612061,6000
999.9946289,33.38172913,6000
15000,29.22970009,6000
14500.00977,31.54659081,6000
14000,33.91201019,6000
13499.99023,35.76900101,6000
13000,37.20806122,6000
12500,39.29867935,6000
11999.99023,41.90439987,6000
11500,44.81734085,6000
11000,46.93944168,6000
10500,51.23419952,6000
9999.985352,52.00257111,6000
9500.00293,53.46773911,6000
8999.995117,52.95856094,6000
8499.990234,49.26166916,6000
7999.996094,48.36185074,6000
7500.000977,50.15731049,6000
7000.00293,50.17657089,6000
6500,49.74251175,6000
6000,46.72661972,6000
5499.998047,36.67350006,6000
5000.001953,41.50254059,6000
4499.998047,48.11600113,6000
3999.99707,49.70586014,6000
3499.995117,42.53564072,6000
3000.001953,33.13042068,6000
2500.008057,31.38084984,6000
2000,31.59019089,6000
1499.998047,34.83831024,6000
1000.005005,33.46393967,6000
14999.99023,29.0323391,6000
14500,31.70762062,6000
14000,34.68281174,6000
13500.00977,36.86962891,6000
13000.00977,39.2439003,6000
12499.99023,41.27426147,6000
12000,43.32292175,6000
11499.99023,45.35308838,6000
10999.99023,47.32876968,6000
10500,50.53826904,6000
10000,50.63351059,6000
9499.998047,51.77642059,6000
8999.998047,51.75111008,6000
8499.999023,47.48131943,6000
8000.00293,43.67612076,6000
7499.98877,42.80651093,6000
7000.000977,45.80939865,6000
6499.998047,51.62413025,6000
5999.996094,51.72797012,6000
5500.003906,44.97800064,6000
4999.991211,40.2406311,6000
4499.999023,44.51974869,6000
4000,48.32537079,6000
3499.99292,40.6905098,6000
3000.001953,36.56776047,6000
2500.001953,33.6971817,6000
2000.003052,28.87615967,6000
1499.994995,34.72050095,6000
1000.007019,34.51477051,6000
15000,27.63427925,6000
14500,30.52716064,6000
13999.98047,33.46704865,6000
13500.00977,35.93939972,6000
13000.00977,38.4656105,6000
12500,41.44905853,6000
12000.00977,43.70677948,6000
11500,45.6169281,6000
10999.99023,47.41687012,6000
10499.99023,51.09664154,6000
10000,51.6099205,6000
9499.999023,54.11296082,6000
8999.99707,54.3481102,6000
8500.009766,52.31280899,6000
8000.003906,46.12881088,6000
7500.005859,43.80339813,6000
6999.996094,41.63074875,6000
6500,43.99319077,6000
5999.992188,45.72415924,6000
5500.005859,47.4305191,6000
5000.001953,45.28596878,6000
4500,47.36198044,6000
4000.006104,48.52531052,6000
3499.996094,36.61642075,6000
3000,35.20846176,6000
2500.000977,32.25476074,6000
1999.996948,27.22816086,6000
1499.999023,34.47171021,6000
999.9987183,35.05923843,6000
15000,28.62924004,6000
14499.99023,31.30998993,6000
14000,33.96033096,6000
13500.00977,36.2029686,6000
13000,39.01826859,6000
12499.99023,41.74007034,6000
11999.99023,43.89889908,6000
11500,45.86642838,6000
11000,47.46060181,6000
10500,50.56528091,6000
10000,50.21092987,6000
9499.999023,52.89942169,6000
9000.00293,54.2361908,6000
8500,53.065979,6000
8000.006836,50.42631912,6000
7499.999023,48.11964035,6000
7000.001953,46.89572906,6000
6499.994141,43.98117828,6000
6000.001953,37.37096024,6000
5500.001953,46.46046066,6000
5000.006836,47.9874115,6000
4499.994141,47.61193085,6000
3999.999023,47.38965988,6000
3500.000977,34.05273056,6000
2999.996094,37.34235001,6000
2500,33.62599182,6000
2000.001953,26.34359932,6000
1499.998047,33.38521957,6000
999.9995728,35.30725861,6000
14999.99023,30.24504089,6000
14500,32.49024963,6000
14000,34.88592911,6000
13500,37.27450943,6000
13000,39.67665863,6000
12499.99023,42.1423912,6000
12000,43.7463913,6000
11500,45.3196907,6000
11000.00977,46.95779037,6000
10500,50.13843918,6000
10000,49.45621872,6000
9500,51.11893845,6000
9000.009766,52.28208923,6000
8499.999023,49.8180809,6000
8000.00293,50.22819138,6000
7500.01123,49.86299896,6000
6999.996094,50.08552933,6000
6500.003906,49.50413895,6000
6000.003906,42.07733917,6000
5500.001953,38.81056976,6000
4999.998047,47.26861954,6000
4500.004883,46.94873047,6000
3999.99292,46.46643066,6000
3500,33.20072937,6000
3000.006104,35.66712952,6000
2500.00293,33.44150925,6000
2000.000977,28.74522018,6000
1499.999023,34.30582047,6000
999.9992065,35.34870911,6000
15000,29.78784943,6000
14500,32.18606949,6000
14000.00977,35.35195923,6000
13500,38.22208023,6000
13000.00977,40.83665085,6000
12500.00977,42.82492828,6000
11999.99023,44.30247116,6000
11500,45.79225159,6000
11000,47.20886993,6000
10499.99023,50.78038025,6000
10000,51.45571136,6000
9500.004883,53.2467804,6000
9000.006836,53.11697006,6000
8500.004883,49.88518143,6000
7999.998047,43.33332062,6000
7499.99707,41.72895813,6000
7000.001953,42.65526962,6000
6499.99707,47.10084915,6000
5999.994141,49.67465973,6000
5500.003906,45.81480026,6000
5000.003906,46.32875061,6000
4500.003906,46.81074142,6000
3999.99292,44.86959839,6000
3499.99707,33.49224854,6000
3000.00293,35.77500916,6000
2500.00293,33.42409134,6000
2000.000977,29.04445076,6000
1499.994995,35.12456894,6000
1000.004028,35.29056168,6000
15000.00977,29.30685997,6000
14500,32.35229874,6000
13999.99023,35.46268082,6000
13500,38.2336998,6000
12999.99023,40.70856094,6000
12499.99023,42.41381836,6000
12000,43.54133987,6000
11500.00977,44.93379974,6000
11000,46.52595901,6000
10500,50.37945938,6000
9999.995117,50.98001099,6000
9500.000977,53.67808914,6000
8999.995117,54.32611084,6000
8500.001953,52.59617996,6000
7999.999023,47.83251953,6000
7499.995117,43.16017151,6000
6999.990234,41.16559982,6000
6500.003906,44.63351059,6000
6000,48.29224014,6000
5500.000977,49.40575027,6000
5000.004883,46.34410858,6000
4500,45.04727936,6000
4000.008057,42.66706085,6000
3500.00293,35.18210983,6000
2999.999023,36.6739502,6000
2499.999023,32.45502853,6000
1999.995972,30.12714005,6000
1499.989014,35.60652924,6000
1000.000977,35.56629944,6000
15000,30.43462944,6000
14500,33.10161972,6000
14000,35.87593079,6000
13500.00977,38.29763031,6000
12999.99023,40.2615509,6000
12500,41.60039902,6000
11999.99023,42.48527145,6000
11500.00977,44.03691101,6000
10999.98047,45.8620491,6000
10500.00977,49.63449097,6000
10000.00977,49.81349182,6000
9499.992188,52.79626083,6000
8999.995117,53.94242859,6000
8500.001953,52.97198105,6000
7999.994141,51.03332901,6000
7499.993164,47.70349884,6000
6999.998047,45.01248932,6000
6500.004883,42.85668945,6000
6000.003906,45.41527176,6000
5499.996094,50.2156601,6000
4999.999023,46.82075119,6000
4499.998047,42.91014099,6000
4000,39.86901093,6000
3499.998047,35.41677094,6000
3000.001953,37.85380936,6000
2499.996094,30.33643913,6000
1999.999023,30.8801899,6000
1500.001953,35.67948151,6000
999.9909058,35.95605087,6000
15000,31.16773987,6000
14499.99023,34.15790176,6000
14000,36.7328186,6000
13500,38.97949982,6000
13000.00977,40.67910004,6000
12499.99023,42.01538849,6000
12000,43.28702927,6000
11500.00977,45.11883926,6000
11000,46.76213837,6000
10500.00977,50.40567017,6000
9999.999023,50.71846008,6000
9500.004883,52.29256058,6000
9000.004883,52.16225052,6000
8499.995117,47.56768036,6000
7999.994141,43.07226181,6000
7500.00293,42.42861938,6000
7000.005859,45.21343994,6000
6500,49.41498184,6000
6000.007813,49.37200928,6000
5500.007813,46.44390869,6000
5000.009766,46.40267944,6000
4500.004883,42.05432892,6000
4000.003906,41.36526871,6000
3500.000977,34.69812012,6000
2999.998047,38.75027084,6000
2499.999023,28.98257065,6000
2000.003052,31.39491081,6000
1499.999023,35.78554153,6000
1000.000977,36.08005905,6000
15000.01953,31.32901001,6000
14500.00977,34.01787949,6000
14000.01953,36.62863159,6000
13500.00977,38.6524086,6000
13000,40.01961136,6000
12500,41.25580978,6000
12000,42.54896927,6000
11499.99023,44.86283875,6000
11000,46.8756485,6000
10500,50.60290146,6000
10000.00977,50.9881897,6000
9500.008789,53.34933853,6000
8999.995117,53.57960129,6000
8500,49.98432922,6000
7999.994141,42.38568878,6000
7500.016113,41.18330002,6000
7000,43.82149887,6000
6500,48.78514099,6000
5999.996094,50.67882919,6000
5500,46.84090042,6000
4999.993164,43.74206161,6000
4499.995117,40.34812927,6000
3999.996094,41.41374969,6000
3499.999023,35.11560059,6000
3000.000977,39.91321945,6000
2499.993896,28.01218987,6000
1999.999023,31.98229027,6000
1500,35.87744141,6000
1000.000977,36.09474945,6000
14999.99023,31.50687981,6000
14500,34.02825165,6000
14000,36.45301056,6000
13499.99023,38.14820862,6000
12999.99023,39.30130005,6000
12500,40.5415802,6000
12000.00977,41.56671906,6000
11500,43.96588898,6000
11000,46.14266968,6000
10500,50.48899078,6000
10000,50.65320969,6000
9500,53.45592117,6000
9000.004883,54.23760986,6000
8500.009766,52.6047287,6000
7999.990234,47.18304062,6000
7500,42.42871094,6000
6999.99707,41.85364151,6000
6499.998047,47.32435989,6000
6000.007813,50.79735947,6000
5499.998047,48.57098007,6000
5000,41.38591003,6000
4499.995117,39.46543121,6000
3999.998047,39.78973007,6000
3499.99707,36.52725983,6000
2999.99707,39.58211899,6000
2499.999023,28.58778954,6000
1999.994019,32.14870071,6000
1500.005005,35.96031189,6000
999.9973145,35.99040985,6000
15000,30.4498806,7000
14500,30.97480011,7000
14000.01953,31.91547966,7000
13500.00977,32.4887886,7000
13000,32.85943985,7000
12500.00977,34.74869156,7000
12000,38.4120903,7000
11500.01953,41.82075882,7000
11000,44.02809906,7000
10500,44.68341064,7000
10000,45.00276947,7000
9500.008789,44.10676956,7000
9000.008789,46.09854889,7000
8499.993164,50.84667969,7000
8000.005859,59.86473083,7000
7500.004883,59.68135834,7000
6999.998047,56.14794922,7000
6499.996094,46.25881958,7000
5999.995117,44.85752869,7000
5499.996094,50.58398056,7000
4999.99707,49.55327988,7000
4499.998047,46.18819046,7000
3999.999023,39.69131851,7000
3500.000977,44.08914948,7000
2999.998047,47.340271,7000
2500.000977,40.79351044,7000
1999.994995,27.97982025,7000
1499.999023,30.31884956,7000
999.9954834,30.35078049,7000
15000,30.62862015,7000
14500.00977,30.96433067,7000
13999.98047,31.82513046,7000
13500,32.46004868,7000
13000,33.22077179,7000
12500,35.24020004,7000
12000,38.74403,7000
11499.99023,41.94210052,7000
11000,43.50292969,7000
10500,44.82225037,7000
9999.991211,49.32313156,7000
9499.994141,50.38843918,7000
8999.991211,51.85297012,7000
8500.007813,54.65021133,7000
8000.009766,59.84769058,7000
7500.005859,59.28042984,7000
6999.992188,51.67327118,7000
6500.001953,41.50411987,7000
6000,39.77717972,7000
5500.00293,38.88240051,7000
4999.998047,38.82403183,7000
4500.001953,47.58686066,7000
3999.999023,47.10705948,7000
3500.00293,45.90961075,7000
3000.000977,36.1955986,7000
2500,40.15481949,7000
1999.999023,31.0430603,7000
1500.004028,35.11791992,7000
999.9993286,30.60135078,7000
15000.00977,31.02442932,7000
14500,31.2607708,7000
14000,31.76864052,7000
13500.00977,32.20820999,7000
13000,32.86748886,7000
12500,35.19042969,7000
12000,39.43610001,7000
11499.98047,42.13492966,7000
11000,44.55102921,7000
10500,47.44179153,7000
9999.999023,49.99491882,7000
9499.995117,50.53715134,7000
8999.996094,52.12368011,7000
8499.995117,55.12580872,7000
7999.995117,59.96081924,7000
7500.004883,59.8802681,7000
7000.006836,55.92736053,7000
6500.007813,47.60929871,7000
5999.998047,39.27003098,7000
5500.003906,34.80179977,7000
4999.993164,42.43880844,7000
4499.998047,38.79880905,7000
4000.000977,42.04164886,7000
3500.001953,48.33773041,7000
2999.99707,46.94284058,7000
2500,32.53948975,7000
1999.998047,26.47086906,7000
1500.000977,30.78519058,7000
999.9998169,30.71813011,7000
15000,29.78424072,7000
14500,29.91625023,7000
14000,30.13941956,7000
13500,30.51378059,7000
13000,30.90352058,7000
12499.99023,31.93967056,7000
12000,35.00851822,7000
11500,39.03733063,7000
11000,42.31866837,7000
10500.00977,43.83480072,7000
10000,47.09457016,7000
9499.996094,50.54032135,7000
8999.998047,52.90991974,7000
8499.999023,55.69617081,7000
7999.998047,59.81895065,7000
7499.99707,59.43714142,7000
7000.005859,55.63970947,7000
6499.995117,50.86291885,7000
6000.001953,44.80091858,7000
5500,41.48308182,7000
5000,37.00434113,7000
4500.005859,43.91841125,7000
4000.001953,44.8846283,7000
3500,46.19610977,7000
3000.000977,47.74665833,7000
2500.003906,30.70181084,7000
1999.998047,28.85886955,7000
1499.996948,30.00259972,7000
1000.002991,29.74291039,7000
15000.00977,30.17680931,7000
14500.00977,30.4500103,7000
14000,31.09478951,7000
13500,31.6053009,7000
13000,32.4777298,7000
12500,35.10317993,7000
12000,39.54236984,7000
11500,43.50236893,7000
11000.00977,45.12720108,7000
10500,46.50590134,7000
10000,49.41292191,7000
9500.004883,51.24069977,7000
8999.991211,52.63505173,7000
8500.007813,54.42964172,7000
8000,58.2592392,7000
7499.998047,56.62673187,7000
6999.992188,50.6903801,7000
6500.001953,45.4337883,7000
5999.999023,50.43088913,7000
5500.004883,49.42747116,7000
4999.996094,47.40270996,7000
4500.001953,38.05384064,7000
3999.99707,40.15499115,7000
3499.999023,47.02949142,7000
2999.99707,42.78876877,7000
2500.001953,28.66124916,7000
2000.000977,33.68119049,7000
1500.001953,30.31669998,7000
999.9973145,32.67253876,7000
15000,30.16233063,7000
14500,30.24682999,7000
14000,30.73942947,7000
13500,31.47892952,7000
12999.99023,32.42549896,7000
12500.00977,35.29830933,7000
12000,40.17333984,7000
11500,44.72774887,7000
11000,47.13121033,7000
10500,49.7858696,7000
10000.00977,50.55506134,7000
9500.004883,51.0871582,7000
9000.004883,52.35897064,7000
8499.991211,51.98574829,7000
7999.99707,56.72713852,7000
7500.005859,54.31615829,7000
7000.003906,47.47792053,7000
6499.996094,38.54545975,7000
6000.001953,39.99430084,7000
5499.99707,44.7448082,7000
5000.00293,53.29111099,7000
4500.001953,47.66719818,7000
3999.995117,43.07437897,7000
3499.999023,44.42456055,7000
2999.999023,36.34997177,7000
2500,34.50683975,7000
2000.004028,31.93362999,7000
1499.995972,32.56278992,7000
999.9937744,33.24887085,7000
14999.99023,27.27038002,7000
14500.00977,27.08736038,7000
14000.00977,27.75028992,7000
13500,29.15061951,7000
13000,30.73158073,7000
12500,33.75096893,7000
12000.00977,38.27854156,7000
11500,42.27474976,7000
11000.00977,46.48934174,7000
10500,49.41609955,7000
10000,51.35845947,7000
9499.995117,51.39213181,7000
8999.999023,52.60353088,7000
8499.985352,54.93146896,7000
8000,59.16366959,7000
7499.998047,58.49652863,7000
7000.005859,51.83618164,7000
6500.003906,41.64585114,7000
5999.998047,38.28665924,7000
5499.995117,39.45994949,7000
5000.003906,46.59801102,7000
4500,46.88637161,7000
4000.000977,43.04787827,7000
3500.00293,45.50376892,7000
2999.993896,35.51078033,7000
2500.004883,30.55258942,7000
2000,32.46376038,7000
1500.001953,34.60977173,7000
1000.004028,33.15761185,7000
15000,29.83345985,7000
14500.00977,29.99972916,7000
14000.00977,30.64016914,7000
13499.99023,31.53059959,7000
13000,32.10295105,7000
12499.99023,34.43426132,7000
12000,39.75328064,7000
11500,43.66957092,7000
11000,46.92520142,7000
10499.99023,48.62868118,7000
10000,49.13053894,7000
9499.99707,48.52014923,7000
8999.993164,50.30760956,7000
8500,52.48566055,7000
7999.994141,58.22769928,7000
7499.991211,59.06671143,7000
7000.003906,55.41464996,7000
6500.005859,50.1282692,7000
5999.998047,45.47518921,7000
5500.004883,39.92761993,7000
4999.998047,39.29019928,7000
4500.012207,47.81108093,7000
3999.996094,45.05615997,7000
3500.000977,44.02711105,7000
3000.000977,31.56755066,7000
2500.00293,31.93689919,7000
2000.000977,32.15042877,7000
1500.003052,35.96717834,7000
999.9993286,33.05812073,7000
15000,29.5675106,7000
14500.00977,29.98197937,7000
14000,31.21523094,7000
13499.99023,32.25634003,7000
13000,33.28538895,7000
12500,35.53448105,7000
12000,40.34975052,7000
11500,44.76511002,7000
11000,47.13441086,7000
10499.99023,46.87910843,7000
9999.985352,47.02048874,7000
9500.00293,46.52692032,7000
9000.021484,48.83348083,7000
8499.999023,51.23944092,7000
8000.016113,56.2609787,7000
7499.999023,55.30635834,7000
7000.005859,51.97415161,7000
6500.005859,51.30363083,7000
6000.005859,50.16500854,7000
5499.996094,47.39698029,7000
5000.003906,41.55067062,7000
4500.003906,38.58914948,7000
3999.99707,44.51427841,7000
3499.995117,42.46496964,7000
3000.00708,33.45220184,7000
2499.996094,34.1017189,7000
2000.003052,29.09104919,7000
1500.005005,35.24258041,7000
999.9993286,34.03450012,7000
14999.99023,28.0036602,7000
14499.99023,28.16983986,7000
13999.99023,29.12879944,7000
13500.00977,30.80127907,7000
13000.00977,32.42662048,7000
12499.99023,35.69844818,7000
11999.98047,40.92509842,7000
11500,46.38856888,7000
11000,47.8716011,7000
10500,48.16854095,7000
10000,49.12586975,7000
9500.009766,50.27696991,7000
9000.014648,52.05033112,7000
8499.991211,54.05337143,7000
7999.99707,57.59870911,7000
7500.001953,56.58061981,7000
7000.001953,47.60482025,7000
6499.999023,40.4821701,7000
6000,42.71187973,7000
5500.004883,45.49243164,7000
5000,45.5464592,7000
4500.000977,44.19001007,7000
3999.999023,44.16913986,7000
3499.998047,39.56177902,7000
2999.99707,33.04586029,7000
2499.998047,32.5617981,7000
2000.000977,27.41514969,7000
1500.000977,36.07884979,7000
1000.005981,34.80723953,7000
14999.99023,29.22039986,7000
14500,29.6821003,7000
14000,30.6115799,7000
13500.00977,31.61264992,7000
12999.99023,32.95008087,7000
12500,35.95256042,7000
12000,41.36582947,7000
11500,44.99201965,7000
11000,46.26277924,7000
10500,45.86790085,7000
10000.00977,47.21131897,7000
9500.004883,48.72624969,7000
8999.993164,52.25318909,7000
8499.985352,54.73292923,7000
8000.001953,58.81035995,7000
7499.999023,58.96466827,7000
7000.012207,52.47436905,7000
6499.998047,40.780159,7000
6000.001953,38.4713707,7000
5499.99707,42.60836029,7000
4999.999023,49.21134949,7000
4500.004883,47.87630081,7000
4000.008057,43.26911926,7000
3500,37.41228104,7000
3000,35.51842117,7000
2500,33.92322159,7000
1999.999023,26.35172081,7000
1499.991943,35.12976074,7000
999.9981079,35.13628006,7000
14999.99023,30.21073914,7000
14500,30.76799011,7000
14000,31.75838089,7000
13499.99023,32.59593964,7000
13000.00977,33.70040131,7000
12500.00977,36.4486084,7000
11999.99023,40.96310043,7000
11500,43.97211075,7000
10999.99023,45.13607025,7000
10500.00977,44.63554001,7000
9999.999023,45.6524086,7000
9500.004883,46.20536041,7000
8999.998047,50.18119049,7000
8499.990234,52.93840027,7000
8000.00293,58.5021019,7000
7500.003906,59.08253098,7000
7000.005859,55.15298843,7000
6500.005859,48.56206131,7000
6000,42.13439941,7000
5499.995117,37.94709015,7000
4999.999023,46.84437943,7000
4499.999023,48.34275818,7000
3999.998047,41.1266098,7000
3500.00293,37.42276001,7000
2999.999023,34.95875168,7000
2500.001953,33.10144043,7000
1999.998047,29.26613998,7000
1499.996948,35.4829216,7000
1000.004028,35.27177048,7000
14999.99023,29.23329926,7000
14500,29.94433975,7000
14000.00977,31.33412933,7000
13499.99023,32.43421173,7000
12999.99023,33.98694992,7000
12500,36.57376099,7000
12000,41.38336945,7000
11500,44.64347076,7000
11000,46.2181015,7000
10500,47.19754028,7000
9999.986328,48.73284912,7000
9499.990234,48.98683167,7000
9000,50.31930923,7000
8500,52.96509933,7000
8000.008789,56.96715164,7000
7500,55.54117966,7000
7000.001953,49.37871933,7000
6500.001953,44.80049896,7000
5999.99707,46.76068115,7000
5499.98877,46.35354996,7000
5000,44.81457901,7000
4499.999023,47.7150116,7000
4000.001953,40.29636002,7000
3499.999023,37.28939819,7000
2999.995117,35.29592896,7000
2500,33.62520981,7000
2000,29.20968056,7000
1499.999023,35.84772873,7000
999.9921875,35.00307846,7000
14999.99023,29.82224083,7000
14500,30.28347015,7000
14000,31.61767006,7000
13499.98047,32.89640045,7000
13000,34.25413895,7000
12500.00977,36.67741013,7000
11999.99023,40.80746078,7000
11500,43.56085968,7000
11000.00977,45.09934998,7000
10500.00977,46.24747849,7000
10000.00977,48.89765167,7000
9499.999023,49.54021835,7000
8999.990234,52.0097084,7000
8500.003906,54.38903046,7000
8000.005859,57.73630905,7000
7500.000977,56.0913887,7000
7000,47.13299179,7000
6500.001953,41.79164124,7000
5999.99707,45.72085953,7000
5499.998047,47.93294907,7000
4999.995117,46.90538025,7000
4499.998047,44.51877975,7000
4000.003906,39.35227966,7000
3499.99707,38.27045059,7000
3000.000977,35.80550003,7000
2500.00293,32.71763992,7000
1999.999023,30.04689026,7000
1499.989014,36.39353943,7000
999.9984741,34.94739914,7000
15000.00977,30.50774002,7000
14500,31.32419014,7000
14000,32.36429977,7000
13500,33.19496918,7000
13000,34.30356979,7000
12500,36.5850296,7000
12000.00977,39.9688797,7000
11499.99023,42.3821106,7000
11000,44.0256691,7000
10500,44.80683899,7000
10000.00977,47.10083008,7000
9500,48.7114296,7000
8999.996094,51.85266113,7000
8500.001953,54.4292984,7000
7999.994141,58.70312881,7000
7500.00293,58.52434921,7000
7000.006836,51.07455063,7000
6500.009766,39.25922012,7000
6000.001953,43.23722839,7000
5500,47.5165596,7000
4999.99707,48.95988083,7000
4499.998047,40.82365036,7000
3999.998047,38.65747833,7000
3500.000977,38.71757889,7000
3000.003906,36.28284836,7000
2499.998047,31.22487068,7000
1999.999023,31.03165054,7000
1500.000977,37.14873123,7000
1000.005005,35.71240997,7000
15000,30.42859077,7000
14500.00977,31.23963928,7000
14000,32.5821991,7000
13500,33.42580032,7000
13000,34.43564987,7000
12500,36.62406158,7000
12000,40.78802109,7000
11500,43.92425156,7000
10999.99023,45.801651,7000
10500,46.44915009,7000
10000,46.88105011,7000
9500.005859,47.18405914,7000
8999.993164,49.37342834,7000
8499.99707,51.56457138,7000
7999.994141,57.1282692,7000
7499.999023,56.14624023,7000
6999.992188,52.20079041,7000
6500.006836,49.0414505,7000
6000.004883,46.75637817,7000
5499.999023,45.64451981,7000
4999.999023,46.66326141,7000
4499.999023,40.12691116,7000
4000.001953,39.0026207,7000
3500.001953,38.15159988,7000
3000.000977,38.63924026,7000
2499.998047,31.11190033,7000
2000.009033,31.11161995,7000
1499.991943,37.08042145,7000
999.9951172,35.77019882,7000
15000.00977,30.70203018,7000
14500,31.58555984,7000
14000,32.84725952,7000
13500,33.63172913,7000
13000,34.4267807,7000
12500.00977,36.33647156,7000
11999.99023,40.07569885,7000
11500,43.01657867,7000
11000,45.55802917,7000
10499.98047,46.70135117,7000
10000.00977,48.01845169,7000
9500.000977,48.71961975,7000
8999.996094,50.94166183,7000
8499.995117,52.84486008,7000
7999.992188,56.60820007,7000
7500.003906,55.47333908,7000
6999.993164,50.5810318,7000
6500.004883,48.4887085,7000
5999.994141,48.54576874,7000
5500,48.340271,7000
4999.999023,44.73756027,7000
4500.000977,36.80194855,7000
4000.001953,39.21876907,7000
3500,38.6692009,7000
3000.004883,39.77928925,7000
2499.995117,31.09550095,7000
1999.996948,31.77960014,7000
1500.003052,37.71976852,7000
1000.004028,35.87817001,7000
15000.00977,31.18642998,7000
14500,31.86568069,7000
14000.00977,32.96979141,7000
13499.99023,33.597229,7000
13000,34.25453949,7000
12500.01953,35.94343948,7000
12000,39.3279686,7000
11500,42.3205986,7000
11000,44.68772125,7000
10500,46.22472,7000
10000,48.37084961,7000
9499.989258,49.31190109,7000
9000.006836,51.94363022,7000
8499.993164,54.21382904,7000
7999.99707,57.5963707,7000
7499.999023,55.75942993,7000
7000,49.00616837,7000
6500.005859,46.05796814,7000
5999.999023,48.8508606,7000
5499.998047,49.53139114,7000
4999.999023,43.19182968,7000
4500.008789,34.53456116,7000
4000.000977,39.29129028,7000
3499.999023,39.81884003,7000
2999.995117,38.81776047,7000
2499.999023,31.77609062,7000
1999.996948,32.30049896,7000
1500.001953,38.02359009,7000
1000.002991,35.88285065,7000
14999.99023,28.19115067,8000
14500,29.65595055,8000
14000.01953,32.0153389,8000
13499.99023,34.84632111,8000
13000.00977,37.241539,8000
12499.99023,39.01734924,8000
12000,40.18655014,8000
11500,41.90679169,8000
11000,43.98997116,8000
10500,45.75354004,8000
9999.999023,47.5865593,8000
9499.998047,48.93452835,8000
9000.000977,49.81306076,8000
8499.990234,54.10071945,8000
7999.994141,55.91180038,8000
7500,54.17509079,8000
6999.994141,50.85773849,8000
6500.00293,45.28443909,8000
6000,44.4679184,8000
5499.98877,52.32125092,8000
4999.996094,48.09143829,8000
4500,43.64271164,8000
4000.000977,40.91720963,8000
3500.00293,30.72797012,8000
3000.001953,46.88068008,8000
2500.00293,43.17593002,8000
2000.000977,27.44194031,8000
1499.999023,30.62192917,8000
999.9990234,30.75914955,8000
15000,28.27878952,8000
14500,29.76148987,8000
14000,32.22084045,8000
13499.99023,35.4784317,8000
13000,37.58771896,8000
12499.99023,39.63253021,8000
12000,40.97740936,8000
11500,42.2514801,8000
10999.99023,43.31245041,8000
10500,46.09973145,8000
10000.00977,49.09680939,8000
9500.010742,52.64471817,8000
9000.006836,55.54328918,8000
8500.001953,56.08034897,8000
8000.00293,56.37437057,8000
7500.005859,52.46673965,8000
6999.992188,44.5648613,8000
6500.003906,40.9541893,8000
6000,39.54967117,8000
5499.994141,43.57756042,8000
5000.007813,37.56919861,8000
4499.999023,45.48310852,8000
3999.993896,48.31798935,8000
3499.99707,46.55065918,8000
3000.000977,37.58106995,8000
2500.00293,42.12881851,8000
2000.001953,30.57426071,8000
1500.001953,35.4239502,8000
1000.01001,30.81422997,8000
15000.00977,28.67898941,8000
14500.00977,29.86709023,8000
14000,31.97559929,8000
13500,34.0513916,8000
13000,36.61886978,8000
12500,39.18333054,8000
12000,40.91899109,8000
11500,42.6982193,8000
11000,44.47415161,8000
10500,46.92020035,8000
9999.989258,48.99906921,8000
9499.993164,52.94543076,8000
8999.996094,56.09790039,8000
8499.995117,56.71429062,8000
7999.994141,56.70059967,8000
7499.990234,54.12582016,8000
7000.005859,51.54384995,8000
6499.996094,46.58446884,8000
6000,39.22026062,8000
5500.00293,35.75207138,8000
4999.999023,42.70610809,8000
4499.993164,39.77151108,8000
3999.99292,44.12837982,8000
3500.003906,48.67621994,8000
2999.999023,44.31673813,8000
2500.000977,34.43286896,8000
2000.003052,27.59584045,8000
1500.005005,30.20347977,8000
1000,31.2288208,8000
14999.99023,27.45372009,8000
14500,28.57085991,8000
14000,30.22640991,8000
13500,32.40005875,8000
13000.00977,34.64450073,8000
12500,36.50666046,8000
12000,37.80556107,8000
11500,39.40718079,8000
11000.00977,41.28742981,8000
10500.00977,44.8401413,8000
10000,48.47822189,8000
9500.010742,53.55553055,8000
9000.008789,56.7984581,8000
8500.00293,57.81726074,8000
8000,56.48983002,8000
7500,52.48416901,8000
7000.005859,51.99066162,8000
6500.001953,49.52466965,8000
6000,46.46313095,8000
5500,43.46768188,8000
5000.00293,33.99404144,8000
4499.992188,42.84347153,8000
3999.998047,47.78604889,8000
3500.001953,45.37218857,8000
3000.003906,46.13262939,8000
2499.995117,33.03237152,8000
1999.998047,27.92169952,8000
1500,29.88806915,8000
999.9976196,30.17642021,8000
14999.99023,27.79895973,8000
14499.99023,28.94045067,8000
14000,30.86388016,8000
13500.01953,33.50350189,8000
13000.00977,36.39447021,8000
12500,39.18096924,8000
12000,41.38013077,8000
11500.00977,43.64022064,8000
11000,45.06082916,8000
10500,47.38256836,8000
10000,49.84357071,8000
9500.004883,54.07162857,8000
8999.999023,56.14720917,8000
8500.010742,56.65195084,8000
8000.004883,54.10361099,8000
7500.00293,45.47618866,8000
7000,42.75624847,8000
6500.005859,44.78094864,8000
5999.994141,49.43346024,8000
5499.998047,52.22126007,8000
4999.995117,46.49084091,8000
4500.006836,38.88895035,8000
4000.001953,41.03636169,8000
3500.008057,48.00083923,8000
3000.000977,40.06879044,8000
2500.001953,28.47139931,8000
2000,32.63294983,8000
1500,29.17317009,8000
999.99823,32.7909317,8000
14999.99023,27.81846046,8000
14499.99023,28.96066093,8000
14000,30.99684906,8000
13500.00977,33.8888588,8000
13000,36.58761978,8000
12500.00977,39.59307861,8000
12000,42.31673813,8000
11500.01953,45.38811111,8000
11000.00977,46.51757813,8000
10500.00977,47.82566833,8000
9999.99707,49.33359909,8000
9500.00293,53.68333054,8000
8999.995117,55.4666214,8000
8500.00293,54.77235031,8000
7999.996094,51.72254944,8000
7499.99707,43.57180023,8000
7000.001953,40.75848007,8000
6500,38.89408112,8000
6000.006836,40.59972,8000
5499.998047,47.95996857,8000
5000,52.39847946,8000
4499.999023,46.05780029,8000
4000,44.82152939,8000
3500.003906,44.95962143,8000
3000,36.36093903,8000
2499.999023,36.24348068,8000
1999.996948,30.05747986,8000
1499.996948,31.66200066,8000
999.9976196,33.33251953,8000
15000,25.15253067,8000
14500.00977,26.32374001,8000
14000,28.42852974,8000
13500,31.72458076,8000
13000.01953,34.9405899,8000
12500,38.04150009,8000
12000,40.2840004,8000
11500,43.39178085,8000
11000,46.34693909,8000
10500,48.51411819,8000
10000.00977,50.62239838,8000
9499.987305,54.29526901,8000
9000.001953,55.89524841,8000
8499.993164,57.2844696,8000
7999.992188,56.147789,8000
7499.996094,51.28963089,8000
7000.003906,43.92858124,8000
6499.994141,41.53219986,8000
5999.993164,38.27083969,8000
5499.996094,44.26528168,8000
5000.001953,47.56401062,8000
4499.998047,44.06005096,8000
4000.003906,46.39239883,8000
3499.998047,48.24224854,8000
2999.995117,34.07595062,8000
2500,29.95928001,8000
1999.995972,30.86721992,8000
1500,33.10361862,8000
1000.002991,33.23524094,8000
14999.99023,27.54566002,8000
14500,28.80974007,8000
13999.98047,30.91262054,8000
13499.99023,33.47100067,8000
12999.99023,36.40084076,8000
12500,39.17187119,8000
11999.99023,41.23088074,8000
11500.00977,44.45595932,8000
11000,46.99221039,8000
10499.99023,48.94916916,8000
10000,50.46871185,8000
9499.989258,53.48754883,8000
9000,53.70936966,8000
8499.99707,55.12128067,8000
8000.003906,54.81678009,8000
7499.99707,52.14606094,8000
7000.012207,50.21197128,8000
6499.999023,48.12815094,8000
6000,46.43410873,8000
5500.009766,41.36082077,8000
4999.995117,37.77357864,8000
4500.003906,45.16540146,8000
3999.995117,47.53932953,8000
3499.995117,44.6697998,8000
3000,32.51668167,8000
2500,33.36537933,8000
1999.999023,32.4169693,8000
1499.999023,34.38484955,8000
999.9946289,33.30783844,8000
14999.99023,27.22673035,8000
14500,28.96582031,8000
13999.98047,31.96319962,8000
13500,35.32305145,8000
13000,38.24382019,8000
12500,40.88314056,8000
11999.99023,43.28940964,8000
11500,45.50849152,8000
10999.99023,47.00857162,8000
10500,47.65166092,8000
9999.992188,49.33330154,8000
9499.987305,51.84222031,8000
9000.008789,52.81851959,8000
8500.012695,53.24629974,8000
8000.004883,51.58673096,8000
7499.99707,44.33327103,8000
6999.994141,45.16559982,8000
6500.006836,49.94382858,8000
6000,51.87905121,8000
5499.999023,50.74348831,8000
4999.998047,39.62625885,8000
4499.994141,40.09783936,8000
3999.99707,46.61186981,8000
3499.99707,44.04494095,8000
2999.995117,33.29798889,8000
2499.999023,32.98239136,8000
2000.001953,29.91761971,8000
1500.003052,34.39781952,8000
1000.000977,34.24555969,8000
15000,25.48456001,8000
14500,27.64731979,8000
14000.00977,30.79026985,8000
13500,33.8575592,8000
13000,37.20777893,8000
12499.99023,41.06624985,8000
12000,43.73472977,8000
11500,46.48553085,8000
11000,47.58269882,8000
10500,48.7130394,8000
10000,50.36600876,8000
9499.989258,53.78184128,8000
8999.996094,55.46667862,8000
8499.99707,56.20988846,8000
8000.004883,54.03334045,8000
7500.00293,46.30091858,8000
7000.009766,40.33948135,8000
6500,40.83086014,8000
6000.001953,42.73511887,8000
5500.007813,49.93915176,8000
5000.004883,45.6837616,8000
4500.001953,43.06819916,8000
3999.99707,46.01895142,8000
3500.000977,40.33575058,8000
2999.998047,33.29701996,8000
2500.003906,32.91838074,8000
2000.005981,28.80138969,8000
1500.005005,33.91873932,8000
1000.004028,34.92950058,8000
15000,26.96927071,8000
14500,28.68157959,8000
14000.01953,31.39164925,8000
13500,34.20782852,8000
13000,38.16838074,8000
12500,41.01755905,8000
12000.00977,43.7599411,8000
11500.00977,45.58507919,8000
11000.00977,46.29212189,8000
10499.99023,46.7252388,8000
10000,49.11148071,8000
9500,52.78382874,8000
8999.986328,54.86360931,8000
8500.010742,56.99087906,8000
7999.99707,56.10871887,8000
7500.001953,51.53668976,8000
6999.996094,45.56235886,8000
6500,40.6480484,8000
6000,38.42301178,8000
5500.005859,46.77275085,8000
5000,49.66767883,8000
4500.001953,45.43783188,8000
3999.999023,44.47219086,8000
3499.995117,37.89088821,8000
3000.00293,34.05305099,8000
2500.00293,33.62572098,8000
2000,28.17618942,8000
1499.994995,32.91716003,8000
999.9993286,35.23925018,8000
14999.99023,27.93407059,8000
14500,29.38503075,8000
14000,32.0138588,8000
13500,35.50658035,8000
13000,38.65623093,8000
12499.99023,41.492939,8000
12000,43.32217026,8000
11500,44.25099945,8000
11000.00977,44.85948181,8000
10500,45.37683868,8000
9999.992188,48.49829102,8000
9500.000977,51.29590988,8000
9000.011719,52.98841858,8000
8500.003906,55.34128952,8000
8000.006836,55.38497925,8000
7500.000977,52.56214905,8000
7000.012207,50.7743988,8000
6500.003906,46.87701035,8000
5999.99707,42.56861115,8000
5499.996094,41.5807991,8000
5000.000977,48.62464905,8000
4499.998047,46.04354095,8000
4000.004883,42.87554932,8000
3499.993896,35.73546982,8000
3000.001953,34.69823074,8000
2500.000977,34.43054962,8000
2000.000977,30.77272987,8000
1500.003052,33.54859924,8000
999.9960938,35.18470001,8000
14999.99023,26.9045105,8000
14500,29.17624092,8000
14000.00977,32.62636185,8000
13500,36.66069031,8000
13000,40.00056839,8000
12500,42.56140137,8000
12000,44.07975006,8000
11500,44.98934937,8000
10999.99023,46.17462158,8000
10500.00977,48.03742981,8000
10000.00977,49.69412994,8000
9499.995117,52.97552109,8000
8999.995117,54.06175995,8000
8499.995117,54.99567032,8000
8000.000977,51.97526169,8000
7499.996094,43.45252991,8000
6999.987793,41.93249893,8000
6500.003906,43.99095917,8000
5999.996094,46.39619064,8000
5499.999023,50.84872055,8000
4999.99707,45.9074707,8000
4500,45.13319016,8000
4000.004883,41.283741,8000
3500.000977,37.81610107,8000
2999.998047,34.24465942,8000
2499.996094,36.29389191,8000
2000.000977,31.01412964,8000
1500.003052,34.23614883,8000
1000.005981,35.01528931,8000
15000.00977,27.40681076,8000
14500.00977,29.35794067,8000
14000.00977,32.78792953,8000
13500,36.46166992,8000
13000,39.52462006,8000
12500,41.83034897,8000
12000,42.95323181,8000
11500,43.78427887,8000
11000,44.95391083,8000
10500,47.3475914,8000
9999.989258,49.89794159,8000
9500.000977,53.52177048,8000
9000.00293,54.92100143,8000
8500.00293,56.61138153,8000
8000.00293,54.5998497,8000
7500.000977,45.41505814,8000
6999.99707,39.83467865,8000
6500.005859,42.31010818,8000
5999.993164,45.2687912,8000
5499.994141,51.78332138,8000
4999.99707,47.0795517,8000
4500.004883,42.79830933,8000
3999.995117,39.33880997,8000
3499.993896,39.28236008,8000
3000.003906,34.97684097,8000
2500,35.05744934,8000
1999.998047,32.03609848,8000
1499.999023,34.66664124,8000
999.9981079,35.33929825,8000
15000.00977,28.07542992,8000
14500,29.85567093,8000
13999.99023,33.12113953,8000
13499.99023,36.40784836,8000
13000,39.24143982,8000
12500.00977,41.24232101,8000
12000,41.96833038,8000
11500,42.68952942,8000
11000,43.53305817,8000
10500.00977,45.80879974,8000
9999.995117,48.82492065,8000
9499.989258,52.71929169,8000
9000.000977,54.70613861,8000
8499.999023,56.71435928,8000
8000.012207,55.78990173,8000
7500.004883,50.98052979,8000
7000.005859,43.37265015,8000
6500,39.88737106,8000
5999.998047,42.85255814,8000
5500.00293,51.19427872,8000
5000.00293,48.83641052,8000
4499.99707,40.38116837,8000
4000,38.44683838,8000
3500.00293,37.92338181,8000
2999.996094,35.41682816,8000
2500.001953,32.51660919,8000
2000.000977,32.5284996,8000
1500.003052,35.44049072,8000
999.9981079,35.8147316,8000
15000,28.32504082,8000
14500,30.38456917,8000
14000,33.24385834,8000
13499.99023,37.16896057,8000
13000,39.68526077,8000
12500,41.66667175,8000
12000,42.80694962,8000
11500.00977,44.30828094,8000
10999.99023,45.8980217,8000
10500,47.28142166,8000
10000,49.35366821,8000
9500.004883,52.29565048,8000
8999.995117,53.18960953,8000
8500.000977,53.7550087,8000
8000.000977,51.88650894,8000
7500.001953,44.45523834,8000
7000.005859,45.11532974,8000
6500.009766,46.74039078,8000
5999.998047,47.73163986,8000
5500,50.58171082,8000
5000,48.28881836,8000
4499.995117,39.85523987,8000
4000.009033,38.03042984,8000
3500,38.48677063,8000
2999.99707,34.95286942,8000
2499.999023,31.55475998,8000
2000.001953,33.27154922,8000
1500.006958,35.09630966,8000
999.9940186,35.91913986,8000
15000,28.41102028,8000
14500,30.56113052,8000
13999.99023,33.5653801,8000
13500,36.88265991,8000
12999.99023,39.04911041,8000
12499.99023,40.79483032,8000
12000,42.0968399,8000
11500,43.5925293,8000
11000,45.70581818,8000
10500,47.75857925,8000
10000,49.85860062,8000
9499.99707,53.22618103,8000
8999.993164,54.38164139,8000
8499.999023,55.0384407,8000
8000.000977,51.40219879,8000
7500.008789,42.60919189,8000
6999.991211,43.76177979,8000
6500.005859,46.73057175,8000
5999.994141,48.98506927,8000
5500.003906,51.99151993,8000
4999.994141,45.14263153,8000
4500.004883,37.66680908,8000
3999.998047,38.16078186,8000
3499.996094,38.89712143,8000
2999.998047,35.20574951,8000
2500.00708,30.46478081,8000
2000.003052,34.27481842,8000
1500.001953,35.37588882,8000
999.9979248,35.94301987,8000
15000,28.75167084,8000
14500,30.60639954,8000
14000.00977,33.48089981,8000
13499.99023,36.15127945,8000
13000,38.37651062,8000
12500.00977,40.19910049,8000
11999.99023,41.25239944,8000
11500.00977,42.65196991,8000
11000,44.57859039,8000
10500,47.1307106,8000
10000,49.66477966,8000
9499.996094,53.25516129,8000
9000,55.00540924,8000
8500.007813,56.34679031,8000
8000.000977,54.33111954,8000
7500,44.37451172,8000
6999.999023,41.24283981,8000
6499.990234,45.4384613,8000
6000.001953,48.88283157,8000
5500,52.14886856,8000
5000.009766,41.7816391,8000
4500.001953,36.33078003,8000
3999.999023,38.3772583,8000
3499.998047,40.97956848,8000
2999.999023,35.22687912,8000
2500.00293,30.72929001,8000
2000.005981,34.63343811,8000
1500.004028,35.70898056,8000
999.9973145,35.88177872,8000
15000.00977,30.74194908,9000
14500.00977,32.92050934,9000
14000.00977,35.19644928,9000
13500.00977,36.85438919,9000
13000.00977,38.00907898,9000
12499.99023,39.50606155,9000
12000,41.02563095,9000
11499.99023,43.74172974,9000
11000,45.71463013,9000
10499.99023,48.95035172,9000
9999.995117,48.7955513,9000
9500.010742,48.94615936,9000
8999.996094,47.53430176,9000
8499.99707,47.01897812,9000
8000.008789,50.76015091,9000
7500,52.82799149,9000
6999.996094,51.80348969,9000
6499.998047,47.52941895,9000
5999.995117,46.49586105,9000
5499.998047,52.60483932,9000
5000,46.72076035,9000
4500.00293,45.88008881,9000
3999.998047,42.84756088,9000
3500.000977,32.29019928,9000
3000.004883,44.59733963,9000
2500.000977,42.92345047,9000
2000.004028,27.76214981,9000
1500.004028,31.4292202,9000
1000.002014,31.16320992,9000
15000,30.34892082,9000
14500,32.52529907,9000
14000,34.9009819,9000
13499.99023,36.94556046,9000
12999.99023,38.60140991,9000
12499.99023,40.20050812,9000
12000.00977,41.41096878,9000
11500,43.25070953,9000
11000,45.38578033,9000
10500,49.65467072,9000
10000.00977,50.9405899,9000
9499.999023,52.93095016,9000
8999.99707,53.45584869,9000
8499.991211,53.36040115,9000
8000.008789,52.78913879,9000
7499.994141,50.11906815,9000
7000.005859,45.64538956,9000
6500,43.55810928,9000
6000.001953,40.43360901,9000
5500.00293,38.8705101,9000
4999.998047,40.75701141,9000
4500.001953,49.1735611,9000
3999.996094,50.26432037,9000
3500.001953,44.89274979,9000
2999.998047,37.79735947,9000
2499.999023,41.61235809,9000
2000,30.52494049,9000
1500,35.19552994,9000
1000.000977,31.46763992,9000
15000.00977,30.46908951,9000
14499.99023,32.2538414,9000
14000,34.47090912,9000
13500,36.1237793,9000
13000.00977,37.69321823,9000
12500.00977,39.67174911,9000
12000,41.53834915,9000
11499.99023,43.19733047,9000
11000.00977,45.32196045,9000
10500,49.90486908,9000
10000.00977,51.53097153,9000
9499.999023,52.98839188,9000
8999.996094,53.97830963,9000
8500.005859,53.88993073,9000
7999.998047,51.88668823,9000
7500.008789,51.59883118,9000
7000.003906,52.1805191,9000
6500.000977,49.50292969,9000
6000.003906,38.33665085,9000
5500.005859,33.52064133,9000
4999.996094,44.00812912,9000
4500,42.07704163,9000
4000.001953,38.50918961,9000
3499.998047,51.11161041,9000
3000.003906,45.22888947,9000
2499.999023,32.89234924,9000
2000.004028,26.18001938,9000
1499.998047,30.37178993,9000
1000.002991,31.64057922,9000
15000.00977,29.50071907,9000
14499.99023,31.62767982,9000
14000,33.61874008,9000
13500,34.94583893,9000
13000.00977,35.61510849,9000
12500,36.30477905,9000
12000,37.61940002,9000
11500,40.5189209,9000
10999.99023,43.51538086,9000
10500,48.92660904,9000
9999.991211,49.52331924,9000
9500.005859,53.83982086,9000
9000,54.80261993,9000
8499.994141,54.63351822,9000
7999.99707,51.05475998,9000
7499.99707,49.74250031,9000
7000.005859,51.84505081,9000
6499.995117,52.54544067,9000
5999.99707,45.84703064,9000
5500.00293,38.08182907,9000
5000.001953,37.75786972,9000
4499.995117,46.27552032,9000
4000.00293,47.18495941,9000
3500.00708,43.7637291,9000
3000,42.98233032,9000
2499.999023,31.24533081,9000
1999.998047,27.23365021,9000
1499.999023,29.99641991,9000
999.9968262,30.43685913,9000
15000.01953,29.74556923,9000
14500,31.60984993,9000
14000,33.58063889,9000
13500,35.34796906,9000
12999.99023,37.42628098,9000
12500,39.71776962,9000
12000,42.14622116,9000
11499.99023,44.24303055,9000
11000,45.98233032,9000
10500,50.24108887,9000
10000,51.67855835,9000
9500.000977,54.40781021,9000
9000,54.99517822,9000
8500.001953,52.08211899,9000
8000.012207,45.93434143,9000
7500,43.17835999,9000
6999.99707,43.5348587,9000
6499.991211,47.32727051,9000
6000.003906,50.87174988,9000
5500.00293,51.55746841,9000
4999.999023,45.10784149,9000
4499.999023,42.3599205,9000
4000.001953,36.14836121,9000
3499.99707,49.41233826,9000
3000.000977,43.61764908,9000
2499.998047,27.63656044,9000
2000.003052,32.63085175,9000
1499.998047,29.77783966,9000
1000.000977,32.82812119,9000
15000,30.34892082,9000
14500.00977,31.71611023,9000
14000.00977,34.02647018,9000
13500,35.93053818,9000
13000.00977,37.61452103,9000
12500,40.283741,9000
12000.00977,42.5047493,9000
11500.00977,44.27391052,9000
11000,45.82777023,9000
10500.00977,49.69041061,9000
9999.995117,52.1827507,9000
9499.996094,53.73751068,9000
9000.009766,54.45478058,9000
8500.007813,49.68069077,9000
7999.99707,43.61623001,9000
7500.009766,41.57305908,9000
6999.993164,41.57044983,9000
6499.995117,41.88750839,9000
5999.998047,41.4367485,9000
5499.998047,48.24393082,9000
5000.001953,50.46046066,9000
4500,48.00976944,9000
3999.99707,47.40670013,9000
3499.998047,44.05858994,9000
3000,37.92404938,9000
2499.999023,35.02988052,9000
2000.000977,30.60910034,9000
1500.001953,32.39710999,9000
999.9995117,33.64720154,9000
15000,26.86360931,9000
14500,29.41976929,9000
14000,32.08116913,9000
13500,34.16495895,9000
13000,35.88492966,9000
12500.00977,38.20116043,9000
12000.00977,40.61074829,9000
11500,43.69866943,9000
10999.98047,46.48559952,9000
10500.00977,50.98088074,9000
10000,52.98907089,9000
9499.992188,54.75938034,9000
9000.004883,55.15367889,9000
8500.012695,53.76004028,9000
7999.992188,51.63069153,9000
7499.993164,48.42045975,9000
7000,45.94998932,9000
6499.983887,44.49134064,9000
5999.996094,36.97549057,9000
5500.003906,43.12841034,9000
5000.003906,46.94226837,9000
4500.000977,46.80609894,9000
4000.001953,44.6698494,9000
3500.000977,47.29000092,9000
2999.998047,37.57746887,9000
2500,29.15930939,9000
1999.996948,30.79924965,9000
1499.998047,33.33612061,9000
999.9946289,33.38172913,9000
15000,29.22970009,9000
14500.00977,31.54659081,9000
14000,33.91201019,9000
13499.99023,35.76900101,9000
13000,37.20806122,9000
12500,39.29867935,9000
11999.99023,41.90439987,9000
11500,44.81734085,9000
11000,46.93944168,9000
10500,51.23419952,9000
9999.985352,52.00257111,9000
9500.00293,53.46773911,9000
8999.995117,52.95856094,9000
8499.990234,49.26166916,9000
7999.996094,48.36185074,9000
7500.000977,50.15731049,9000
7000.00293,50.17657089,9000
6500,49.74251175,9000
6000,46.72661972,9000
5499.998047,36.67350006,9000
5000.001953,41.50254059,9000
4499.998047,48.11600113,9000
3999.99707,49.70586014,9000
3499.995117,42.53564072,9000
3000.001953,33.13042068,9000
2500.008057,31.38084984,9000
2000,31.59019089,9000
1499.998047,34.83831024,9000
1000.005005,33.46393967,9000
14999.99023,29.0323391,9000
14500,31.70762062,9000
14000,34.68281174,9000
13500.00977,36.86962891,9000
13000.00977,39.2439003,9000
12499.99023,41.27426147,9000
12000,43.32292175,9000
11499.99023,45.35308838,9000
10999.99023,47.32876968,9000
10500,50.53826904,9000
10000,50.63351059,9000
9499.998047,51.77642059,9000
8999.998047,51.75111008,9000
8499.999023,47.48131943,9000
8000.00293,43.67612076,9000
7499.98877,42.80651093,9000
7000.000977,45.80939865,9000
6499.998047,51.62413025,9000
5999.996094,51.72797012,9000
5500.003906,44.97800064,9000
4999.991211,40.2406311,9000
4499.999023,44.51974869,9000
4000,48.32537079,9000
3499.99292,40.6905098,9000
3000.001953,36.56776047,9000
2500.001953,33.6971817,9000
2000.003052,28.87615967,9000
1499.994995,34.72050095,9000
1000.007019,34.51477051,9000
15000,27.63427925,9000
14500,30.52716064,9000
13999.98047,33.46704865,9000
13500.00977,35.93939972,9000
13000.00977,38.4656105,9000
12500,41.44905853,9000
12000.00977,43.70677948,9000
11500,45.6169281,9000
10999.99023,47.41687012,9000
10499.99023,51.09664154,9000
10000,51.6099205,9000
9499.999023,54.11296082,9000
8999.99707,54.3481102,9000
8500.009766,52.31280899,9000
8000.003906,46.12881088,9000
7500.005859,43.80339813,9000
6999.996094,41.63074875,9000
6500,43.99319077,9000
5999.992188,45.72415924,9000
5500.005859,47.4305191,9000
5000.001953,45.28596878,9000
4500,47.36198044,9000
4000.006104,48.52531052,9000
3499.996094,36.61642075,9000
3000,35.20846176,9000
2500.000977,32.25476074,9000
1999.996948,27.22816086,9000
1499.999023,34.47171021,9000
999.9987183,35.05923843,9000
15000,28.62924004,9000
14499.99023,31.30998993,9000
14000,33.96033096,9000
13500.00977,36.2029686,9000
13000,39.01826859,9000
12499.99023,41.74007034,9000
11999.99023,43.89889908,9000
11500,45.86642838,9000
11000,47.46060181,9000
10500,50.56528091,9000
10000,50.21092987,9000
9499.999023,52.89942169,9000
9000.00293,54.2361908,9000
8500,53.065979,9000
8000.006836,50.42631912,9000
7499.999023,48.11964035,9000
7000.001953,46.89572906,9000
6499.994141,43.98117828,9000
6000.001953,37.37096024,9000
5500.001953,46.46046066,9000
5000.006836,47.9874115,9000
4499.994141,47.61193085,9000
3999.999023,47.38965988,9000
3500.000977,34.05273056,9000
2999.996094,37.34235001,9000
2500,33.62599182,9000
2000.001953,26.34359932,9000
1499.998047,33.38521957,9000
999.9995728,35.30725861,9000
14999.99023,30.24504089,9000
14500,32.49024963,9000
14000,34.88592911,9000
13500,37.27450943,9000
13000,39.67665863,9000
12499.99023,42.1423912,9000
12000,43.7463913,9000
11500,45.3196907,9000
11000.00977,46.95779037,9000
10500,50.13843918,9000
10000,49.45621872,9000
9500,51.11893845,9000
9000.009766,52.28208923,9000
8499.999023,49.8180809,9000
8000.00293,50.22819138,9000
7500.01123,49.86299896,9000
6999.996094,50.08552933,9000
6500.003906,49.50413895,9000
6000.003906,42.07733917,9000
5500.001953,38.81056976,9000
4999.998047,47.26861954,9000
4500.004883,46.94873047,9000
3999.99292,46.46643066,9000
3500,33.20072937,9000
3000.006104,35.66712952,9000
2500.00293,33.44150925,9000
2000.000977,28.74522018,9000
1499.999023,34.30582047,9000
999.9992065,35.34870911,9000
15000,29.78784943,9000
14500,32.18606949,9000
14000.00977,35.35195923,9000
13500,38.22208023,9000
13000.00977,40.83665085,9000
12500.00977,42.82492828,9000
11999.99023,44.30247116,9000
11500,45.79225159,9000
11000,47.20886993,9000
10499.99023,50.78038025,9000
10000,51.45571136,9000
9500.004883,53.2467804,9000
9000.006836,53.11697006,9000
8500.004883,49.88518143,9000
7999.998047,43.33332062,9000
7499.99707,41.72895813,9000
7000.001953,42.65526962,9000
6499.99707,47.10084915,9000
5999.994141,49.67465973,9000
5500.003906,45.81480026,9000
5000.003906,46.32875061,9000
4500.003906,46.81074142,9000
3999.99292,44.86959839,9000
3499.99707,33.49224854,9000
3000.00293,35.77500916,9000
2500.00293,33.42409134,9000
2000.000977,29.04445076,9000
1499.994995,35.12456894,9000
1000.004028,35.29056168,9000
15000.00977,29.30685997,9000
14500,32.35229874,9000
13999.99023,35.46268082,9000
13500,38.2336998,9000
12999.99023,40.70856094,9000
12499.99023,42.41381836,9000
12000,43.54133987,9000
11500.00977,44.93379974,9000
11000,46.52595901,9000
10500,50.37945938,9000
9999.995117,50.98001099,9000
9500.000977,53.67808914,9000
8999.995117,54.32611084,9000
8500.001953,52.59617996,9000
7999.999023,47.83251953,9000
7499.995117,43.16017151,9000
6999.990234,41.16559982,9000
6500.003906,44.63351059,9000
6000,48.29224014,9000
5500.000977,49.40575027,9000
5000.004883,46.34410858,9000
4500,45.04727936,9000
4000.008057,42.66706085,9000
3500.00293,35.18210983,9000
2999.999023,36.6739502,9000
2499.999023,32.45502853,9000
1999.995972,30.12714005,9000
1499.989014,35.60652924,9000
1000.000977,35.56629944,9000
15000,30.43462944,9000
14500,33.10161972,9000
14000,35.87593079,9000
13500.00977,38.29763031,9000
12999.99023,40.2615509,9000
12500,41.60039902,9000
11999.99023,42.48527145,9000
11500.00977,44.03691101,9000
10999.98047,45.8620491,9000
10500.00977,49.63449097,9000
10000.00977,49.81349182,9000
9499.992188,52.79626083,9000
8999.995117,53.94242859,9000
8500.001953,52.97198105,9000
7999.994141,51.03332901,9000
7499.993164,47.70349884,9000
6999.998047,45.01248932,9000
6500.004883,42.85668945,9000
6000.003906,45.41527176,9000
5499.996094,50.2156601,9000
4999.999023,46.82075119,9000
4499.998047,42.91014099,9000
4000,39.86901093,9000
3499.998047,35.41677094,9000
3000.001953,37.85380936,9000
2499.996094,30.33643913,9000
1999.999023,30.8801899,9000
1500.001953,35.67948151,9000
999.9909058,35.95605087,9000
15000,31.16773987,9000
14499.99023,34.15790176,9000
14000,36.7328186,9000
13500,38.97949982,9000
13000.00977,40.67910004,9000
12499.99023,42.01538849,9000
12000,43.28702927,9000
11500.00977,45.11883926,9000
11000,46.76213837,9000
10500.00977,50.40567017,9000
9999.999023,50.71846008,9000
9500.004883,52.29256058,9000
9000.004883,52.16225052,9000
8499.995117,47.56768036,9000
7999.994141,43.07226181,9000
7500.00293,42.42861938,9000
7000.005859,45.21343994,9000
6500,49.41498184,9000
6000.007813,49.37200928,9000
5500.007813,46.44390869,9000
5000.009766,46.40267944,9000
4500.004883,42.05432892,9000
4000.003906,41.36526871,9000
3500.000977,34.69812012,9000
2999.998047,38.75027084,9000
2499.999023,28.98257065,9000
2000.003052,31.39491081,9000
1499.999023,35.78554153,9000
1000.000977,36.08005905,9000
15000.01953,31.32901001,9000
14500.00977,34.01787949,9000
14000.01953,36.62863159,9000
13500.00977,38.6524086,9000
13000,40.01961136,9000
12500,41.25580978,9000
12000,42.54896927,9000
11499.99023,44.86283875,9000
11000,46.8756485,9000
10500,50.60290146,9000
10000.00977,50.9881897,9000
9500.008789,53.34933853,9000
8999.995117,53.57960129,9000
8500,49.98432922,9000
7999.994141,42.38568878,9000
7500.016113,41.18330002,9000
7000,43.82149887,9000
6500,48.78514099,9000
5999.996094,50.67882919,9000
5500,46.84090042,9000
4999.993164,43.74206161,9000
4499.995117,40.34812927,9000
3999.996094,41.41374969,9000
3499.999023,35.11560059,9000
3000.000977,39.91321945,9000
2499.993896,28.01218987,9000
1999.999023,31.98229027,9000
1500,35.87744141,9000
1000.000977,36.09474945,9000
14999.99023,31.50687981,9000
14500,34.02825165,9000
14000,36.45301056,9000
13499.99023,38.14820862,9000
12999.99023,39.30130005,9000
12500,40.5415802,9000
12000.00977,41.56671906,9000
11500,43.96588898,9000
11000,46.14266968,9000
10500,50.48899078,9000
10000,50.65320969,9000
9500,53.45592117,9000
9000.004883,54.23760986,9000
8500.009766,52.6047287,9000
7999.990234,47.18304062,9000
7500,42.42871094,9000
6999.99707,41.85364151,9000
6499.998047,47.32435989,9000
6000.007813,50.79735947,9000
5499.998047,48.57098007,9000
5000,41.38591003,9000
4499.995117,39.46543121,9000
3999.998047,39.78973007,9000
3499.99707,36.52725983,9000
2999.99707,39.58211899,9000
2499.999023,28.58778954,9000
1999.994019,32.14870071,9000
1500.005005,35.96031189,9000
999.9973145,35.99040985,9000
14999.99023,32.36133957,10000
14500,34.15777969,10000
14000.00977,36.00004959,10000
13500.00977,37.39635086,10000
13000,38.63925934,10000
12499.99023,40.47206116,10000
12000.00977,42.31185913,10000
11499.99023,45.0544014,10000
11000,45.79212189,10000
10500,48.46141052,10000
9999.994141,48.3397789,10000
9499.992188,46.52772903,10000
9000.008789,40.85189056,10000
8500.001953,42.9342804,10000
7999.994141,49.35763168,10000
7499.999023,53.80727005,10000
7000.001953,55.21057892,10000
6499.998047,46.93548965,10000
5999.994141,45.34439087,10000
5499.996094,50.39542007,10000
5000,47.43375015,10000
4499.99707,49.0145607,10000
4000,38.02806091,10000
3500.000977,36.3887291,10000
2999.998047,45.72248077,10000
2500.00293,43.60565948,10000
1999.998047,27.0195694,10000
1500.001953,31.38599014,10000
999.9984131,31.66382027,10000
15000,32.17950058,10000
14500,33.89062119,10000
13999.98047,35.71191025,10000
13500,37.5671196,10000
12999.99023,39.15134048,10000
12500,40.51480103,10000
12000,42.27453995,10000
11500,45.10853958,10000
11000,45.2781601,10000
10500,48.68167114,10000
10000.00977,50.8580513,10000
9499.989258,51.25265121,10000
9000.00293,50.84632874,10000
8500.007813,51.47687149,10000
7999.998047,52.42914963,10000
7500.01123,52.35536957,10000
6999.998047,48.6119194,10000
6499.999023,40.29615021,10000
5999.998047,38.29526138,10000
5500.001953,41.80519867,10000
5000,41.9664917,10000
4499.999023,46.93481064,10000
3999.998047,51.4654808,10000
3499.999023,43.90459061,10000
3000.004883,37.76432037,10000
2500.001953,41.03973007,10000
2000.004028,29.87068939,10000
1500.000977,35.84249878,10000
999.9978027,31.82085991,10000
15000.00977,32.26549911,10000
14499.98047,33.60755157,10000
14000,35.15694046,10000
13499.99023,36.57463837,10000
13000.00977,38.39202881,10000
12500.01953,40.4586792,10000
11999.99023,42.58610153,10000
11500.00977,45.28316879,10000
11000,45.85985947,10000
10500.00977,49.15304947,10000
9999.995117,50.62290955,10000
9499.999023,51.54985809,10000
9000.00293,51.24404907,10000
8499.99707,51.36486816,10000
7999.995117,51.53939056,10000
7500.008789,53.64191055,10000
7000.007813,55.58013916,10000
6499.994141,46.51092148,10000
6000,36.20803833,10000
5499.998047,37.77116013,10000
5000,44.41569138,10000
4500.000977,44.52442169,10000
3999.996094,37.09373093,10000
3500.001953,49.9656105,10000
2999.99707,47.46940994,10000
2499.998047,33.78237915,10000
2000.001953,26.38274956,10000
1499.996948,30.58093071,10000
999.9998169,32.00370026,10000
15000,31.48797035,10000
14499.99023,32.82899094,10000
13999.99023,34.09619904,10000
13500,35.16714859,10000
13000,36.06745911,10000
12500,37.46807861,10000
12000,39.81430817,10000
11500,43.47682953,10000
10999.99023,43.95365906,10000
10500,47.39836884,10000
9999.999023,49.91757965,10000
9500.006836,52.26052094,10000
8999.99707,51.98336029,10000
8500.004883,52.20158005,10000
8000,49.67623901,10000
7500,50.1149292,10000
6999.99707,54.76753998,10000
6499.996094,50.18024063,10000
6000.005859,42.08393097,10000
5499.994141,40.39033127,10000
4999.991211,39.12823105,10000
4499.996094,43.58813095,10000
3999.998047,47.15988922,10000
3499.99707,43.72005081,10000
2999.998047,44.55345154,10000
2499.993896,31.65043068,10000
2000.001953,27.03046036,10000
1500.004028,30.11002922,10000
1000.002014,30.80571938,10000
15000,31.48620033,10000
14500,32.83823013,10000
14000.01953,34.20108032,10000
13500,35.88167191,10000
13000,38.26123047,10000
12500,40.66556168,10000
12000,42.75754929,10000
11500,45.74163055,10000
11000,46.63275146,10000
10500,49.63483047,10000
9999.995117,51.57215118,10000
9500.011719,52.68795013,10000
9000.004883,51.46331024,10000
8500.001953,47.87979889,10000
8000.004883,45.13137817,10000
7499.996094,44.19728088,10000
6999.994141,48.56692886,10000
6500.000977,45.56460953,10000
6000.005859,52.14543152,10000
5500.005859,49.66762161,10000
4999.999023,46.70531082,10000
4500.004883,46.53036118,10000
4000.001953,35.63853073,10000
3500.00293,47.35165024,10000
3000.000977,44.30258179,10000
2500.00293,28.38994026,10000
1999.996948,32.06851959,10000
1499.996948,29.25807953,10000
1000,33.17116928,10000
15000,31.42753983,10000
14500,33.0750885,10000
13999.99023,34.74192047,10000
13500,36.3719902,10000
13000,38.59564972,10000
12500.00977,40.89242935,10000
12000,42.8341217,10000
11499.99023,45.52500916,10000
11000,47.6031189,10000
10500,49.61606979,10000
10000,50.85409927,10000
9500.008789,52.40388107,10000
8999.982422,50.50226974,10000
8500.00293,45.89999008,10000
8000.001953,43.2460289,10000
7499.999023,42.66094971,10000
6999.990234,45.54426956,10000
6499.992188,37.34854126,10000
6000.000977,41.26863861,10000
5500.003906,48.46554184,10000
4999.992188,50.5588913,10000
4499.995117,49.58845139,10000
3999.99707,43.30546951,10000
3500.003906,44.12903976,10000
3000.001953,37.23485947,10000
2499.99707,34.75019836,10000
1999.998047,30.07019043,10000
1499.991943,31.92246056,10000
1000.002991,33.8270607,10000
15000,29.42835999,10000
14499.99023,30.92819023,10000
14000,32.48913956,10000
13500,34.23176956,10000
12999.99023,36.72090912,10000
12500,39.58229828,10000
11999.99023,42.22603989,10000
11500,46.29111862,10000
11000,47.58320999,10000
10499.99023,50.88663101,10000
10000,51.92527008,10000
9500.009766,52.98025894,10000
8999.988281,51.56444168,10000
8500.001953,50.8429184,10000
8000.008789,50.41609955,10000
7500.00293,50.39173889,10000
7000.005859,50.26496124,10000
6500.000977,40.23480988,10000
5999.999023,36.83966064,10000
5499.999023,45.20048904,10000
4999.998047,48.09025955,10000
4500.000977,48.61574936,10000
4000,42.14453888,10000
3499.999023,45.19945908,10000
3000,36.33840179,10000
2499.993896,30.05120087,10000
2000.003052,30.1593399,10000
1500.005981,32.91827011,10000
999.9959106,33.64765167,10000
15000,31.1058197,10000
14499.99023,32.899189,10000
14000,34.50307083,10000
13499.99023,36.20112991,10000
13000.00977,38.02956009,10000
12500,40.32183075,10000
12000,43.05731964,10000
11499.99023,46.79565048,10000
11000.00977,48.04645157,10000
10500,51.03102875,10000
10000.00977,52.09489059,10000
9500.008789,51.59175873,10000
8999.987305,47.00457001,10000
8500,45.49430084,10000
8000.000977,47.03977966,10000
7500.005859,50.26118088,10000
7000,54.07337189,10000
6500.001953,49.71693039,10000
6000.003906,43.15209961,10000
5500,40.2003212,10000
5000.004883,43.25249863,10000
4500.000977,46.11700058,10000
3999.999023,49.51531982,10000
3500.004883,41.97779083,10000
3000,32.37182999,10000
2500.00293,32.32955933,10000
1999.998047,31.93876076,10000
1500.001953,34.14379883,10000
1000.005005,33.56568909,10000
14999.99023,30.93400955,10000
14500,33.04964066,10000
14000.00977,35.61502838,10000
13500.00977,37.79676056,10000
13000,39.61381912,10000
12500.00977,40.94176865,10000
12000,43.12192917,10000
11500,46.79109955,10000
11000,48.4307785,10000
10499.99023,50.17251968,10000
10000,50.84727097,10000
9500,49.93001938,10000
9000.004883,45.67314911,10000
8500.005859,43.66358948,10000
7999.99707,43.21035004,10000
7499.999023,44.00043106,10000
6999.994141,49.31142044,10000
6499.998047,51.30556107,10000
5999.996094,50.82199097,10000
5499.999023,45.50701904,10000
5000.000977,43.23862076,10000
4499.999023,43.85749054,10000
4000.003906,48.79473877,10000
3500.001953,40.03054047,10000
3000.000977,34.88227844,10000
2500.003906,32.62554169,10000
2000.000977,28.79759979,10000
1500.003052,34.31489944,10000
1000.005005,34.71981049,10000
14999.99023,29.93115997,10000
14499.98047,31.98568916,10000
14000,34.23535156,10000
13500,36.46091843,10000
13000.00977,38.65494919,10000
12500.00977,41.16963959,10000
12000,43.69461823,10000
11500,47.49362946,10000
11000,48.85657883,10000
10500.00977,50.94697189,10000
9999.995117,52.07730103,10000
9499.991211,52.53694916,10000
8999.996094,50.77729034,10000
8499.995117,48.55121994,10000
7999.992188,45.85110855,10000
7499.999023,45.24919128,10000
6999.994141,44.90594864,10000
6500.003906,40.44681168,10000
6000.005859,44.42314148,10000
5499.998047,47.54711914,10000
4999.993164,46.68785858,10000
4500.008789,47.65943146,10000
4000.000977,47.79064941,10000
3500.00708,37.43249893,10000
2999.996094,33.58224869,10000
2500.00708,32.52853012,10000
2000.000977,27.87195015,10000
1499.998047,33.85157013,10000
1000.007996,35.19778824,10000
14999.99023,30.81780052,10000
14500.00977,32.75281906,10000
14000,34.74789047,10000
13499.99023,36.68302917,10000
12999.99023,39.54917908,10000
12500,41.55006027,10000
12000.01953,44.2592392,10000
11500,47.41791916,10000
11000,47.85781097,10000
10500.00977,49.51504898,10000
9999.991211,50.42837906,10000
9499.991211,51.09375,10000
9000.006836,50.19649124,10000
8500,50.10253143,10000
8000.004883,48.88068008,10000
7500.005859,48.9258194,10000
6999.993164,50.26317978,10000
6499.996094,38.86582184,10000
6000.003906,37.93378067,10000
5500.003906,46.87810898,10000
4999.99707,49.01145935,10000
4500.003906,49.61751175,10000
3999.99707,43.4020195,10000
3500,35.64653015,10000
3000,35.00484085,10000
2500.001953,32.89564896,10000
1999.999023,26.92849922,10000
1500.004028,32.6917305,10000
1000,35.44765854,10000
14999.99023,31.93268013,10000
14500,33.59463882,10000
13999.99023,35.59167099,10000
13499.99023,38.00384903,10000
13000.00977,40.28725815,10000
12500,41.9054184,10000
12000,44.20835114,10000
11499.98047,46.82978058,10000
10999.99023,47.0409317,10000
10500.01953,48.4985199,10000
10000,49.64159012,10000
9500.004883,49.02339935,10000
9000.008789,46.45336914,10000
8500.003906,45.97195816,10000
7999.994141,48.43375015,10000
7500.000977,50.4352417,10000
6999.993164,53.78968048,10000
6500.005859,47.6563797,10000
5999.996094,38.85622025,10000
5500.000977,42.45302963,10000
5000.000977,48.75159836,10000
4500.005859,48.98883057,10000
3999.999023,40.92964172,10000
3499.999023,36.2959404,10000
3000.001953,34.93531036,10000
2500,33.85995102,10000
1999.994995,29.27025032,10000
1499.999023,33.3277092,10000
1000,35.54774857,10000
15000,31.2823391,10000
14500,33.84819031,10000
14000,36.47315979,10000
13500.00977,38.49811935,10000
13000,40.27602005,10000
12500,42.17053986,10000
12000,44.32332993,10000
11499.99023,47.35506058,10000
11000.00977,47.63861084,10000
10499.99023,50.44528961,10000
9999.99707,51.56341934,10000
9499.992188,51.62443924,10000
9000.006836,48.14205933,10000
8500.007813,45.52885818,10000
8000.007813,43.45605087,10000
7499.992188,43.11944962,10000
6999.998047,47.02407074,10000
6500,45.46718979,10000
5999.996094,46.77360916,10000
5499.999023,46.52146149,10000
5000,48.278759,10000
4500.004883,48.53636932,10000
4000.000977,39.41888046,10000
3499.993896,35.8423996,10000
3000.000977,34.56449127,10000
2499.999023,34.04359818,10000
1999.999023,29.72971916,10000
1499.994995,33.82487106,10000
999.9985962,35.19300842,10000
15000.00977,31.36804962,10000
14500,33.65380859,10000
14000,36.38275146,10000
13500,38.58639145,10000
13000,40.53398132,10000
12500.00977,42.26292038,10000
12000.00977,44.25793076,10000
11499.99023,46.59943008,10000
11000,46.69219971,10000
10500.00977,49.66094971,10000
10000,51.47142029,10000
9500.008789,52.17847061,10000
9000.001953,50.33213043,10000
8500.001953,48.32440186,10000
8000.006836,46.85667038,10000
7500.001953,44.79399109,10000
6999.999023,44.37226105,10000
6499.996094,42.38056183,10000
6000.001953,47.2153511,10000
5500.00293,48.01239014,10000
5000,47.81734085,10000
4500.000977,48.97919846,10000
3999.999023,36.21078873,10000
3499.99707,36.20972061,10000
3000.000977,35.02133179,10000
2500,33.86333847,10000
1999.999023,31.02276039,10000
1499.995972,34.3708992,10000
999.9976196,35.56473923,10000
15000.00977,32.06130981,10000
14500,34.41901016,10000
14000,36.85905838,10000
13499.98047,38.73225021,10000
13000,40.52894974,10000
12500,42.22515106,10000
12000,43.84785843,10000
11500,46.42943954,10000
11000,45.79858017,10000
10499.99023,48.27555084,10000
9999.99707,50.25450134,10000
9500.006836,50.7997818,10000
9000.004883,50.00178146,10000
8500.007813,49.34460068,10000
7999.995117,48.96995163,10000
7500,49.1406517,10000
7000.006836,49.0079689,10000
6500.005859,37.73617935,10000
5999.994141,44.5969696,10000
5499.998047,48.80546188,10000
5000.003906,47.61117172,10000
4500.001953,48.05900955,10000
4000,34.51081848,10000
3500.00293,36.50629044,10000
3000,36.50524139,10000
2500,31.7118206,10000
2000.003052,30.78797913,10000
1499.994019,34.8533783,10000
1000.000977,35.98508835,10000
15000,33.11394882,10000
14500,35.46728134,10000
13999.99023,37.65607071,10000
13500,39.12379074,10000
13000,40.96244049,10000
12499.98047,42.27653122,10000
12000,44.15171814,10000
11500,47.07381058,10000
10999.99023,47.38743973,10000
10500,49.95738983,10000
9999.981445,50.72003174,10000
9500.005859,50.52241135,10000
9000.004883,46.74531937,10000
8500,43.61241913,10000
8000.004883,42.80046082,10000
7499.996094,43.54964828,10000
7000.01123,49.84115982,10000
6500.007813,49.52460861,10000
6000.003906,45.87593079,10000
5500.001953,47.03858185,10000
4999.996094,47.79813004,10000
4500,47.52967072,10000
4000.01001,34.01725006,10000
3500,36.69353867,10000
2999.999023,36.53850937,10000
2499.998047,30.77659988,10000
2000,32.149189,10000
1500.001953,34.64334869,10000
999.9970093,36.04920959,10000
15000.00977,32.85873032,10000
14499.98047,35.29335022,10000
14000,37.56618118,10000
13500,39.19073105,10000
12999.99023,40.5078392,10000
12500.00977,41.93959045,10000
12000,43.64505005,10000
11500,46.94670105,10000
11000,46.93056107,10000
10500,50.12112045,10000
10000.00977,51.26451874,10000
9500.016602,51.86730957,10000
8999.998047,49.17911148,10000
8499.989258,45.5607605,10000
8000.008789,42.72206116,10000
7499.996094,42.64365005,10000
7000.009766,47.98302078,10000
6500,48.8190918,10000
6000.001953,48.71630859,10000
5499.996094,47.19425964,10000
5000.005859,45.77175903,10000
4499.999023,45.91550064,10000
4000.001953,34.48059082,10000
3500.006104,37.37417984,10000
2999.999023,37.65579987,10000
2499.999023,29.56788063,10000
2000,32.90629959,10000
1499.998047,34.61365128,10000
1000.002991,36.08646011,10000
14999.99023,33.08063889,10000
14499.99023,35.49636841,10000
14000,37.19720078,10000
13500,38.67029953,10000
13000.00977,39.99885178,10000
12500,41.46401978,10000
12000,43.00680923,10000
11500,46.17084122,10000
11000,46.20413971,10000
10500.00977,49.48997879,10000
9999.994141,51.0112114,10000
9500.006836,51.83800888,10000
9000.004883,50.50532913,10000
8500.004883,48.53480911,10000
7999.998047,46.18927002,10000
7500.01123,43.84012985,10000
7000.000977,46.26618958,10000
6500.004883,47.04473877,10000
5999.998047,49.81843185,10000
5500.001953,47.14326096,10000
5000,43.323349,10000
4500.006836,44.63351822,10000
4000.000977,34.59326172,10000
3499.99292,37.47262955,10000
3000.003906,38.45677185,10000
2499.999023,29.9795208,10000
1999.995972,33.13508987,10000
1499.999023,34.58374023,10000
1000.002014,36.01731873,10000
